year,employee_id,location,overtime_hours
2016,1,Northwood,14
2017,1,Northwood,8
2016,2,East Valley,8
2017,2,East Valley,11
2016,4,East Valley,4
2017,4,East Valley,2
2016,5,West River,0
2017,5,West River,17
2016,7,West River,21
2017,7,West River,9
2016,8,Southfield,5
2017,8,Southfield,23
2016,10,West River,4
2017,10,West River,2
2016,11,East Valley,4
2017,11,East Valley,13
2016,12,Southfield,25
2017,12,Southfield,4
2016,13,West River,4
2017,13,West River,2
2016,14,Southfield,10
2017,14,Southfield,11
2016,15,West River,0
2017,15,West River,3
2016,16,Northwood,6
2017,16,Northwood,2
2016,18,West River,5
2017,18,West River,9
2016,19,Northwood,3
2017,19,Northwood,4
2016,20,Southfield,2
2017,20,Southfield,3
2016,21,Southfield,15
2017,21,Southfield,3
2016,22,Southfield,6
2017,22,Southfield,20
2016,23,Northwood,5
2017,23,Northwood,10
2016,24,West River,13
2017,24,West River,6
2016,26,Southfield,1
2017,26,Southfield,5
2016,27,Southfield,2
2017,27,Southfield,9
2016,28,West River,3
2017,28,West River,5
2016,30,West River,26
2017,30,West River,1
2016,31,Northwood,2
2017,31,Northwood,0
2016,32,West River,2
2017,32,West River,6
2016,33,Northwood,0
2017,33,Northwood,7
2016,35,West River,18
2017,35,West River,5
2016,36,Southfield,1
2017,36,Southfield,7
2016,38,Southfield,5
2017,38,Southfield,6
2016,39,West River,6
2017,39,West River,1
2016,40,West River,8
2017,40,West River,10
2016,41,Southfield,10
2017,41,Southfield,5
2016,42,West River,1
2017,42,West River,27
2016,45,West River,23
2017,45,West River,2
2016,46,West River,11
2017,46,West River,20
2016,47,West River,0
2017,47,West River,0
2016,49,East Valley,0
2017,49,East Valley,7
2016,51,Southfield,25
2017,51,Southfield,21
2016,52,East Valley,2
2017,52,East Valley,23
2016,53,West River,7
2017,53,West River,0
2016,54,Southfield,1
2017,54,Southfield,11
2016,55,West River,4
2017,55,West River,14
2016,56,West River,0
2017,56,West River,13
2016,57,Southfield,7
2017,57,Southfield,11
2016,58,Northwood,2
2017,58,Northwood,17
2016,60,West River,8
2017,60,West River,11
2016,61,West River,20
2017,61,West River,1
2016,62,Northwood,14
2017,62,Northwood,1
2016,63,Southfield,7
2017,63,Southfield,1
2016,64,East Valley,15
2017,64,East Valley,2
2016,65,East Valley,5
2017,65,East Valley,20
2016,68,West River,10
2017,68,West River,28
2016,70,West River,11
2017,70,West River,66
2016,72,Northwood,15
2017,72,Northwood,2
2016,73,East Valley,0
2017,73,East Valley,0
2016,74,Northwood,1
2017,74,Northwood,3
2016,75,East Valley,13
2017,75,East Valley,1
2016,76,West River,5
2017,76,West River,18
2016,77,West River,9
2017,77,West River,27
2016,78,West River,31
2017,78,West River,19
2016,79,Southfield,4
2017,79,Southfield,26
2016,80,West River,19
2017,80,West River,1
2016,81,Northwood,27
2017,81,Northwood,29
2016,83,Southfield,4
2017,83,Southfield,2
2016,84,West River,3
2017,84,West River,4
2016,85,West River,1
2017,85,West River,24
2016,86,West River,7
2017,86,West River,1
2016,88,Southfield,38
2017,88,Southfield,8
2016,90,East Valley,0
2017,90,East Valley,4
2016,91,Southfield,0
2017,91,Southfield,13
2016,94,West River,7
2017,94,West River,10
2016,95,Southfield,0
2017,95,Southfield,3
2016,96,Northwood,1
2017,96,Northwood,1
2016,97,West River,17
2017,97,West River,2
2016,98,East Valley,12
2017,98,East Valley,1
2016,100,West River,20
2017,100,West River,0
2016,101,Southfield,5
2017,101,Southfield,12
2016,102,West River,12
2017,102,West River,0
2016,103,East Valley,18
2017,103,East Valley,1
2016,104,West River,13
2017,104,West River,0
2016,105,Northwood,20
2017,105,Northwood,25
2016,106,East Valley,0
2017,106,East Valley,13
2016,107,East Valley,1
2017,107,East Valley,10
2016,110,West River,5
2017,110,West River,5
2016,112,West River,11
2017,112,West River,4
2016,113,Northwood,19
2017,113,Northwood,2
2016,116,West River,30
2017,116,West River,0
2016,117,Northwood,5
2017,117,Northwood,0
2016,118,East Valley,2
2017,118,East Valley,6
2016,119,Northwood,24
2017,119,Northwood,1
2016,120,West River,10
2017,120,West River,20
2016,121,West River,4
2017,121,West River,12
2016,124,West River,5
2017,124,West River,46
2016,125,East Valley,20
2017,125,East Valley,7
2016,126,West River,12
2017,126,West River,15
2016,128,East Valley,0
2017,128,East Valley,4
2016,129,Southfield,0
2017,129,Southfield,11
2016,131,West River,0
2017,131,West River,21
2016,132,Southfield,2
2017,132,Southfield,3
2016,133,East Valley,6
2017,133,East Valley,11
2016,134,Northwood,2
2017,134,Northwood,23
2016,137,Northwood,5
2017,137,Northwood,1
2016,138,Northwood,1
2017,138,Northwood,10
2016,139,West River,1
2017,139,West River,3
2016,140,East Valley,7
2017,140,East Valley,1
2016,141,Northwood,9
2017,141,Northwood,20
2016,142,Southfield,25
2017,142,Southfield,43
2016,143,East Valley,3
2017,143,East Valley,21
2016,144,West River,3
2017,144,West River,6
2016,145,West River,16
2017,145,West River,5
2016,147,West River,6
2017,147,West River,10
2016,148,Southfield,16
2017,148,Southfield,0
2016,150,West River,21
2017,150,West River,22
2016,151,Southfield,0
2017,151,Southfield,31
2016,152,West River,1
2017,152,West River,3
2016,153,West River,3
2017,153,West River,4
2016,154,Northwood,5
2017,154,Northwood,16
2016,155,Northwood,4
2017,155,Northwood,0
2016,158,East Valley,5
2017,158,East Valley,3
2016,159,West River,10
2017,159,West River,11
2016,160,Southfield,4
2017,160,Southfield,12
2016,161,West River,6
2017,161,West River,57
2016,162,East Valley,3
2017,162,East Valley,7
2016,163,West River,41
2017,163,West River,21
2016,164,West River,13
2017,164,West River,20
2016,165,Southfield,7
2017,165,Southfield,8
2016,167,East Valley,1
2017,167,East Valley,4
2016,169,East Valley,5
2017,169,East Valley,9
2016,170,West River,5
2017,170,West River,5
2016,171,Northwood,13
2017,171,Northwood,4
2016,174,Southfield,19
2017,174,Southfield,8
2016,175,West River,11
2017,175,West River,2
2016,176,Northwood,8
2017,176,Northwood,5
2016,177,East Valley,8
2017,177,East Valley,0
2016,178,Southfield,21
2017,178,Southfield,33
2016,179,West River,24
2017,179,West River,0
2016,182,Northwood,14
2017,182,Northwood,7
2016,183,Northwood,4
2017,183,Northwood,8
2016,184,Southfield,6
2017,184,Southfield,10
2016,190,West River,10
2017,190,West River,7
2016,192,West River,13
2017,192,West River,14
2016,193,Northwood,11
2017,193,Northwood,35
2016,194,East Valley,1
2017,194,East Valley,10
2016,195,East Valley,1
2017,195,East Valley,21
2016,197,East Valley,9
2017,197,East Valley,18
2016,198,Northwood,5
2017,198,Northwood,4
2016,199,Southfield,2
2017,199,Southfield,4
2016,200,West River,3
2017,200,West River,14
2016,201,Southfield,10
2017,201,Southfield,10
2016,202,East Valley,4
2017,202,East Valley,19
2016,204,West River,7
2017,204,West River,3
2016,205,Northwood,0
2017,205,Northwood,6
2016,206,West River,10
2017,206,West River,16
2016,207,Northwood,5
2017,207,Northwood,7
2016,208,West River,24
2017,208,West River,1
2016,211,East Valley,1
2017,211,East Valley,0
2016,214,Northwood,2
2017,214,Northwood,35
2016,215,Northwood,8
2017,215,Northwood,14
2016,216,Northwood,0
2017,216,Northwood,1
2016,217,East Valley,7
2017,217,East Valley,5
2016,218,Southfield,14
2017,218,Southfield,3
2016,221,West River,29
2017,221,West River,23
2016,223,Southfield,2
2017,223,Southfield,3
2016,224,West River,5
2017,224,West River,13
2016,226,East Valley,4
2017,226,East Valley,0
2016,227,Southfield,13
2017,227,Southfield,0
2016,228,East Valley,13
2017,228,East Valley,8
2016,230,West River,8
2017,230,West River,1
2016,231,West River,5
2017,231,West River,13
2016,233,West River,4
2017,233,West River,18
2016,235,West River,22
2017,235,West River,14
2016,238,West River,2
2017,238,West River,8
2016,239,West River,7
2017,239,West River,1
2016,240,West River,1
2017,240,West River,8
2016,241,Northwood,24
2017,241,Northwood,41
2016,242,West River,7
2017,242,West River,1
2016,243,West River,2
2017,243,West River,3
2016,244,Southfield,4
2017,244,Southfield,1
2016,245,East Valley,10
2017,245,East Valley,14
2016,246,West River,3
2017,246,West River,12
2016,247,Southfield,12
2017,247,Southfield,9
2016,248,Northwood,29
2017,248,Northwood,11
2016,249,Southfield,9
2017,249,Southfield,0
2016,250,East Valley,5
2017,250,East Valley,7
2016,252,West River,4
2017,252,West River,11
2016,253,West River,8
2017,253,West River,9
2016,254,West River,3
2017,254,West River,3
2016,256,Southfield,3
2017,256,Southfield,0
2016,258,West River,21
2017,258,West River,4
2016,259,Northwood,1
2017,259,Northwood,0
2016,260,East Valley,15
2017,260,East Valley,4
2016,261,West River,6
2017,261,West River,5
2016,262,West River,18
2017,262,West River,1
2016,264,East Valley,20
2017,264,East Valley,0
2016,267,Southfield,10
2017,267,Southfield,7
2016,269,East Valley,39
2017,269,East Valley,1
2016,270,West River,8
2017,270,West River,14
2016,271,Southfield,2
2017,271,Southfield,10
2016,273,East Valley,19
2017,273,East Valley,9
2016,274,West River,41
2017,274,West River,0
2016,275,Southfield,5
2017,275,Southfield,3
2016,277,West River,1
2017,277,West River,4
2016,281,West River,18
2017,281,West River,44
2016,282,Southfield,7
2017,282,Southfield,14
2016,283,Southfield,3
2017,283,Southfield,6
2016,284,East Valley,14
2017,284,East Valley,2
2016,286,Northwood,3
2017,286,Northwood,4
2016,287,Northwood,4
2017,287,Northwood,5
2016,288,Southfield,8
2017,288,Southfield,18
2016,291,West River,13
2017,291,West River,12
2016,292,West River,21
2017,292,West River,6
2016,293,East Valley,10
2017,293,East Valley,5
2016,296,Southfield,8
2017,296,Southfield,30
2016,297,Northwood,20
2017,297,Northwood,5
2016,298,Northwood,13
2017,298,Northwood,15
2016,299,West River,3
2017,299,West River,1
2016,300,East Valley,11
2017,300,East Valley,7
2016,302,East Valley,1
2017,302,East Valley,18
2016,303,Southfield,34
2017,303,Southfield,0
2016,304,East Valley,1
2017,304,East Valley,7
2016,305,Southfield,19
2017,305,Southfield,1
2016,306,Southfield,25
2017,306,Southfield,48
2016,307,Southfield,15
2017,307,Southfield,1
2016,308,West River,3
2017,308,West River,2
2016,309,East Valley,5
2017,309,East Valley,9
2016,311,East Valley,6
2017,311,East Valley,0
2016,312,Southfield,10
2017,312,Southfield,25
2016,314,Southfield,1
2017,314,Southfield,6
2016,315,West River,13
2017,315,West River,9
2016,316,West River,13
2017,316,West River,82
2016,319,Northwood,13
2017,319,Northwood,2
2016,321,West River,9
2017,321,West River,12
2016,323,West River,34
2017,323,West River,2
2016,325,Northwood,7
2017,325,Northwood,2
2016,327,West River,7
2017,327,West River,8
2016,328,West River,3
2017,328,West River,16
2016,329,Southfield,0
2017,329,Southfield,11
2016,330,West River,13
2017,330,West River,56
2016,331,Northwood,0
2017,331,Northwood,41
2016,332,Southfield,17
2017,332,Southfield,12
2016,333,East Valley,14
2017,333,East Valley,5
2016,334,East Valley,0
2017,334,East Valley,10
2016,335,West River,2
2017,335,West River,1
2016,336,East Valley,18
2017,336,East Valley,17
2016,337,East Valley,1
2017,337,East Valley,2
2016,338,East Valley,7
2017,338,East Valley,2
2016,339,Northwood,23
2017,339,Northwood,8
2016,340,West River,3
2017,340,West River,0
2016,341,Northwood,4
2017,341,Northwood,3
2016,342,Southfield,8
2017,342,Southfield,0
2016,343,Southfield,1
2017,343,Southfield,7
2016,346,West River,19
2017,346,West River,4
2016,347,Northwood,6
2017,347,Northwood,2
2016,349,East Valley,2
2017,349,East Valley,19
2016,350,Southfield,0
2017,350,Southfield,0
2016,351,Northwood,6
2017,351,Northwood,17
2016,352,East Valley,8
2017,352,East Valley,4
2016,353,Northwood,15
2017,353,Northwood,9
2016,355,East Valley,37
2017,355,East Valley,0
2016,359,West River,13
2017,359,West River,2
2016,361,East Valley,16
2017,361,East Valley,24
2016,362,West River,5
2017,362,West River,9
2016,363,West River,33
2017,363,West River,31
2016,364,Northwood,3
2017,364,Northwood,13
2016,366,West River,3
2017,366,West River,23
2016,367,Northwood,9
2017,367,Northwood,18
2016,369,Northwood,9
2017,369,Northwood,28
2016,372,West River,20
2017,372,West River,20
2016,373,East Valley,1
2017,373,East Valley,8
2016,374,West River,1
2017,374,West River,27
2016,376,Southfield,14
2017,376,Southfield,3
2016,377,West River,3
2017,377,West River,24
2016,378,East Valley,0
2017,378,East Valley,2
2016,379,Southfield,15
2017,379,Southfield,1
2016,380,East Valley,22
2017,380,East Valley,7
2016,381,Northwood,6
2017,381,Northwood,27
2016,382,Northwood,3
2017,382,Northwood,20
2016,384,Northwood,1
2017,384,Northwood,6
2016,385,Northwood,9
2017,385,Northwood,5
2016,386,West River,8
2017,386,West River,5
2016,387,West River,2
2017,387,West River,19
2016,388,Northwood,12
2017,388,Northwood,21
2016,389,East Valley,23
2017,389,East Valley,19
2016,390,West River,6
2017,390,West River,0
2016,391,West River,0
2017,391,West River,13
2016,392,West River,5
2017,392,West River,4
2016,393,East Valley,3
2017,393,East Valley,24
2016,394,Southfield,28
2017,394,Southfield,15
2016,395,West River,9
2017,395,West River,7
2016,396,West River,2
2017,396,West River,21
2016,397,West River,5
2017,397,West River,1
2016,399,East Valley,2
2017,399,East Valley,11
2016,401,West River,4
2017,401,West River,9
2016,403,West River,14
2017,403,West River,4
2016,404,West River,2
2017,404,West River,1
2016,405,West River,2
2017,405,West River,5
2016,406,Northwood,2
2017,406,Northwood,25
2016,407,East Valley,24
2017,407,East Valley,20
2016,408,Southfield,6
2017,408,Southfield,5
2016,410,West River,6
2017,410,West River,8
2016,411,Northwood,5
2017,411,Northwood,6
2016,412,Southfield,3
2017,412,Southfield,5
2016,416,West River,4
2017,416,West River,1
2016,417,East Valley,22
2017,417,East Valley,13
2016,419,East Valley,0
2017,419,East Valley,8
2016,420,East Valley,2
2017,420,East Valley,7
2016,421,West River,1
2017,421,West River,0
2016,422,Southfield,11
2017,422,Southfield,0
2016,423,East Valley,1
2017,423,East Valley,2
2016,424,West River,13
2017,424,West River,4
2016,425,Northwood,3
2017,425,Northwood,4
2016,426,Northwood,6
2017,426,Northwood,2
2016,428,West River,11
2017,428,West River,2
2016,429,West River,13
2017,429,West River,38
2016,430,West River,7
2017,430,West River,18
2016,431,East Valley,13
2017,431,East Valley,11
2016,433,Southfield,6
2017,433,Southfield,5
2016,434,Southfield,49
2017,434,Southfield,23
2016,436,East Valley,13
2017,436,East Valley,30
2016,437,East Valley,5
2017,437,East Valley,19
2016,438,East Valley,3
2017,438,East Valley,18
2016,439,West River,2
2017,439,West River,14
2016,440,West River,3
2017,440,West River,2
2016,441,Southfield,14
2017,441,Southfield,25
2016,442,Northwood,13
2017,442,Northwood,10
2016,444,West River,7
2017,444,West River,5
2016,445,East Valley,10
2017,445,East Valley,0
2016,446,Northwood,1
2017,446,Northwood,3
2016,447,West River,3
2017,447,West River,1
2016,448,Southfield,6
2017,448,Southfield,48
2016,449,West River,0
2017,449,West River,3
2016,450,West River,11
2017,450,West River,1
2016,451,East Valley,14
2017,451,East Valley,5
2016,452,Northwood,4
2017,452,Northwood,18
2016,453,East Valley,2
2017,453,East Valley,2
2016,454,East Valley,0
2017,454,East Valley,18
2016,455,Southfield,3
2017,455,Southfield,0
2016,456,Northwood,4
2017,456,Northwood,0
2016,458,Northwood,0
2017,458,Northwood,2
2016,460,Northwood,14
2017,460,Northwood,0
2016,461,Northwood,0
2017,461,Northwood,0
2016,462,West River,21
2017,462,West River,11
2016,463,Southfield,2
2017,463,Southfield,5
2016,464,West River,2
2017,464,West River,12
2016,465,West River,10
2017,465,West River,25
2016,466,Southfield,2
2017,466,Southfield,3
2016,467,East Valley,8
2017,467,East Valley,4
2016,468,Southfield,3
2017,468,Southfield,5
2016,469,Northwood,1
2017,469,Northwood,5
2016,470,Southfield,4
2017,470,Southfield,11
2016,471,Southfield,9
2017,471,Southfield,1
2016,473,East Valley,23
2017,473,East Valley,7
2016,474,West River,5
2017,474,West River,2
2016,475,East Valley,13
2017,475,East Valley,8
2016,476,Northwood,0
2017,476,Northwood,7
2016,477,Northwood,5
2017,477,Northwood,18
2016,478,West River,10
2017,478,West River,10
2016,479,West River,0
2017,479,West River,36
2016,481,East Valley,10
2017,481,East Valley,0
2016,482,Southfield,0
2017,482,Southfield,13
2016,483,Northwood,4
2017,483,Northwood,6
2016,484,West River,4
2017,484,West River,19
2016,485,West River,13
2017,485,West River,56
2016,486,East Valley,2
2017,486,East Valley,1
2016,487,Southfield,23
2017,487,Southfield,1
2016,488,East Valley,0
2017,488,East Valley,9
2016,491,West River,25
2017,491,West River,7
2016,492,East Valley,21
2017,492,East Valley,4
2016,493,Northwood,7
2017,493,Northwood,0
2016,494,West River,6
2017,494,West River,23
2016,495,Southfield,15
2017,495,Southfield,16
2016,496,East Valley,2
2017,496,East Valley,10
2016,497,East Valley,7
2017,497,East Valley,2
2016,498,East Valley,2
2017,498,East Valley,18
2016,499,East Valley,20
2017,499,East Valley,4
2016,500,Northwood,0
2017,500,Northwood,3
2016,501,West River,2
2017,501,West River,19
2016,502,West River,30
2017,502,West River,2
2016,505,Southfield,2
2017,505,Southfield,1
2016,507,East Valley,1
2017,507,East Valley,13
2016,508,West River,7
2017,508,West River,5
2016,510,West River,34
2017,510,West River,2
2016,511,Northwood,9
2017,511,Northwood,3
2016,513,Northwood,30
2017,513,Northwood,7
2016,514,West River,14
2017,514,West River,14
2016,515,West River,2
2017,515,West River,17
2016,516,Southfield,17
2017,516,Southfield,1
2016,517,West River,0
2017,517,West River,14
2016,518,West River,8
2017,518,West River,3
2016,520,West River,15
2017,520,West River,11
2016,521,West River,3
2017,521,West River,20
2016,522,East Valley,2
2017,522,East Valley,1
2016,523,West River,1
2017,523,West River,5
2016,524,West River,13
2017,524,West River,34
2016,525,West River,7
2017,525,West River,2
2016,526,Northwood,5
2017,526,Northwood,10
2016,527,Northwood,7
2017,527,Northwood,1
2016,529,East Valley,1
2017,529,East Valley,16
2016,530,Southfield,5
2017,530,Southfield,1
2016,531,West River,6
2017,531,West River,0
2016,532,East Valley,7
2017,532,East Valley,8
2016,533,East Valley,22
2017,533,East Valley,2
2016,534,West River,8
2017,534,West River,3
2016,536,Northwood,2
2017,536,Northwood,28
2016,538,Southfield,3
2017,538,Southfield,21
2016,543,West River,9
2017,543,West River,2
2016,544,Northwood,13
2017,544,Northwood,4
2016,546,Northwood,21
2017,546,Northwood,4
2016,547,Northwood,0
2017,547,Northwood,9
2016,548,West River,5
2017,548,West River,4
2016,549,West River,4
2017,549,West River,9
2016,550,West River,8
2017,550,West River,4
2016,551,West River,0
2017,551,West River,14
2016,554,East Valley,4
2017,554,East Valley,48
2016,555,West River,19
2017,555,West River,23
2016,556,West River,6
2017,556,West River,9
2016,558,East Valley,6
2017,558,East Valley,21
2016,560,East Valley,25
2017,560,East Valley,20
2016,562,Southfield,3
2017,562,Southfield,1
2016,564,Southfield,13
2017,564,Southfield,18
2016,565,Southfield,9
2017,565,Southfield,19
2016,566,West River,16
2017,566,West River,12
2016,567,West River,22
2017,567,West River,21
2016,568,West River,5
2017,568,West River,0
2016,569,West River,6
2017,569,West River,1
2016,571,West River,2
2017,571,West River,3
2016,573,Southfield,4
2017,573,Southfield,18
2016,574,West River,9
2017,574,West River,0
2016,575,West River,1
2017,575,West River,2
2016,577,Northwood,8
2017,577,Northwood,1
2016,578,Northwood,11
2017,578,Northwood,10
2016,579,East Valley,3
2017,579,East Valley,1
2016,580,East Valley,1
2017,580,East Valley,13
2016,581,West River,18
2017,581,West River,9
2016,582,West River,5
2017,582,West River,13
2016,584,Northwood,0
2017,584,Northwood,21
2016,585,East Valley,7
2017,585,East Valley,7
2016,586,Northwood,16
2017,586,Northwood,21
2016,587,East Valley,17
2017,587,East Valley,18
2016,590,Southfield,24
2017,590,Southfield,13
2016,591,Southfield,3
2017,591,Southfield,0
2016,592,Southfield,10
2017,592,Southfield,14
2016,593,West River,30
2017,593,West River,6
2016,595,Northwood,6
2017,595,Northwood,40
2016,597,East Valley,3
2017,597,East Valley,4
2016,599,Northwood,0
2017,599,Northwood,13
2016,600,East Valley,18
2017,600,East Valley,2
2016,601,East Valley,1
2017,601,East Valley,31
2016,602,West River,23
2017,602,West River,0
2016,604,West River,12
2017,604,West River,12
2016,605,West River,1
2017,605,West River,1
2016,606,East Valley,12
2017,606,East Valley,8
2016,608,West River,11
2017,608,West River,27
2016,611,Northwood,2
2017,611,Northwood,1
2016,612,Northwood,0
2017,612,Northwood,3
2016,613,West River,3
2017,613,West River,0
2016,614,East Valley,0
2017,614,East Valley,8
2016,615,East Valley,25
2017,615,East Valley,6
2016,616,West River,31
2017,616,West River,1
2016,618,East Valley,21
2017,618,East Valley,6
2016,620,East Valley,1
2017,620,East Valley,10
2016,621,East Valley,4
2017,621,East Valley,0
2016,622,Southfield,7
2017,622,Southfield,24
2016,623,East Valley,0
2017,623,East Valley,6
2016,624,Northwood,0
2017,624,Northwood,7
2016,625,East Valley,2
2017,625,East Valley,1
2016,626,Southfield,23
2017,626,Southfield,0
2016,630,East Valley,4
2017,630,East Valley,23
2016,631,West River,13
2017,631,West River,7
2016,632,East Valley,4
2017,632,East Valley,15
2016,634,Southfield,8
2017,634,Southfield,16
2016,635,West River,0
2017,635,West River,0
2016,638,East Valley,29
2017,638,East Valley,1
2016,639,Southfield,0
2017,639,Southfield,6
2016,641,East Valley,1
2017,641,East Valley,32
2016,643,West River,4
2017,643,West River,12
2016,644,East Valley,43
2017,644,East Valley,0
2016,645,Northwood,2
2017,645,Northwood,3
2016,647,Southfield,10
2017,647,Southfield,11
2016,648,East Valley,26
2017,648,East Valley,26
2016,649,Northwood,2
2017,649,Northwood,0
2016,650,Northwood,2
2017,650,Northwood,1
2016,652,East Valley,1
2017,652,East Valley,12
2016,653,Southfield,2
2017,653,Southfield,5
2016,655,Southfield,20
2017,655,Southfield,2
2016,656,Northwood,10
2017,656,Northwood,38
2016,657,Northwood,4
2017,657,Northwood,0
2016,659,West River,41
2017,659,West River,8
2016,661,East Valley,21
2017,661,East Valley,8
2016,662,Southfield,1
2017,662,Southfield,5
2016,663,East Valley,0
2017,663,East Valley,4
2016,664,Southfield,23
2017,664,Southfield,8
2016,665,West River,11
2017,665,West River,18
2016,666,Northwood,0
2017,666,Northwood,0
2016,667,West River,3
2017,667,West River,1
2016,669,West River,42
2017,669,West River,7
2016,671,West River,30
2017,671,West River,1
2016,675,East Valley,16
2017,675,East Valley,16
2016,677,Northwood,25
2017,677,Northwood,14
2016,679,Southfield,9
2017,679,Southfield,1
2016,680,West River,4
2017,680,West River,5
2016,682,Southfield,8
2017,682,Southfield,24
2016,683,West River,6
2017,683,West River,5
2016,684,East Valley,11
2017,684,East Valley,3
2016,686,Northwood,2
2017,686,Northwood,0
2016,689,West River,1
2017,689,West River,17
2016,690,Southfield,2
2017,690,Southfield,7
2016,691,East Valley,0
2017,691,East Valley,1
2016,692,West River,16
2017,692,West River,0
2016,698,West River,24
2017,698,West River,3
2016,699,Southfield,6
2017,699,Southfield,4
2016,700,Northwood,4
2017,700,Northwood,4
2016,701,West River,5
2017,701,West River,0
2016,702,East Valley,0
2017,702,East Valley,8
2016,704,Southfield,22
2017,704,Southfield,8
2016,705,West River,14
2017,705,West River,10
2016,707,East Valley,8
2017,707,East Valley,4
2016,709,West River,5
2017,709,West River,13
2016,710,Southfield,2
2017,710,Southfield,4
2016,712,Southfield,0
2017,712,Southfield,10
2016,714,Northwood,20
2017,714,Northwood,7
2016,715,East Valley,3
2017,715,East Valley,14
2016,716,West River,1
2017,716,West River,7
2016,717,East Valley,0
2017,717,East Valley,0
2016,720,West River,4
2017,720,West River,3
2016,721,West River,15
2017,721,West River,0
2016,722,West River,4
2017,722,West River,8
2016,723,West River,2
2017,723,West River,1
2016,724,West River,4
2017,724,West River,6
2016,725,Southfield,38
2017,725,Southfield,12
2016,727,Northwood,3
2017,727,Northwood,2
2016,728,Southfield,3
2017,728,Southfield,13
2016,729,West River,22
2017,729,West River,8
2016,730,Southfield,3
2017,730,Southfield,2
2016,731,West River,39
2017,731,West River,55
2016,732,Southfield,5
2017,732,Southfield,23
2016,733,Northwood,5
2017,733,Northwood,20
2016,734,West River,7
2017,734,West River,18
2016,738,West River,1
2017,738,West River,1
2016,741,West River,8
2017,741,West River,8
2016,742,West River,3
2017,742,West River,6
2016,743,West River,36
2017,743,West River,5
2016,744,Southfield,38
2017,744,Southfield,8
2016,746,Northwood,15
2017,746,Northwood,11
2016,747,West River,7
2017,747,West River,14
2016,749,Southfield,1
2017,749,Southfield,2
2016,752,Southfield,3
2017,752,Southfield,8
2016,754,Northwood,9
2017,754,Northwood,25
2016,757,West River,10
2017,757,West River,20
2016,758,East Valley,13
2017,758,East Valley,26
2016,760,East Valley,3
2017,760,East Valley,15
2016,762,East Valley,1
2017,762,East Valley,3
2016,763,West River,5
2017,763,West River,12
2016,764,East Valley,27
2017,764,East Valley,0
2016,766,West River,16
2017,766,West River,8
2016,769,Southfield,7
2017,769,Southfield,3
2016,771,West River,1
2017,771,West River,1
2016,772,West River,36
2017,772,West River,5
2016,773,West River,7
2017,773,West River,26
2016,775,West River,8
2017,775,West River,0
2016,776,Southfield,25
2017,776,Southfield,30
2016,780,Southfield,1
2017,780,Southfield,4
2016,781,East Valley,2
2017,781,East Valley,7
2016,783,Northwood,11
2017,783,Northwood,33
2016,784,Southfield,23
2017,784,Southfield,7
2016,785,East Valley,11
2017,785,East Valley,27
2016,786,Southfield,36
2017,786,Southfield,2
2016,787,East Valley,0
2017,787,East Valley,3
2016,789,Northwood,2
2017,789,Northwood,9
2016,791,Southfield,5
2017,791,Southfield,0
2016,792,West River,17
2017,792,West River,0
2016,793,West River,5
2017,793,West River,13
2016,796,Southfield,8
2017,796,Southfield,39
2016,797,Northwood,12
2017,797,Northwood,9
2016,799,Southfield,0
2017,799,Southfield,2
2016,800,West River,22
2017,800,West River,23
2016,802,East Valley,0
2017,802,East Valley,9
2016,803,Northwood,3
2017,803,Northwood,0
2016,804,East Valley,1
2017,804,East Valley,19
2016,805,Northwood,11
2017,805,Northwood,0
2016,806,West River,15
2017,806,West River,27
2016,807,East Valley,1
2017,807,East Valley,1
2016,808,Northwood,5
2017,808,Northwood,9
2016,809,Southfield,1
2017,809,Southfield,3
2016,811,West River,17
2017,811,West River,2
2016,812,West River,4
2017,812,West River,3
2016,813,Southfield,9
2017,813,Southfield,11
2016,815,West River,10
2017,815,West River,13
2016,816,West River,13
2017,816,West River,8
2016,817,East Valley,3
2017,817,East Valley,2
2016,819,West River,8
2017,819,West River,15
2016,820,Southfield,10
2017,820,Southfield,3
2016,823,West River,1
2017,823,West River,2
2016,824,West River,17
2017,824,West River,6
2016,825,West River,6
2017,825,West River,0
2016,826,Northwood,5
2017,826,Northwood,27
2016,827,East Valley,8
2017,827,East Valley,3
2016,828,Southfield,4
2017,828,Southfield,11
2016,829,East Valley,11
2017,829,East Valley,4
2016,830,Southfield,6
2017,830,Southfield,23
2016,832,Northwood,9
2017,832,Northwood,14
2016,833,West River,2
2017,833,West River,18
2016,834,West River,5
2017,834,West River,0
2016,836,Northwood,11
2017,836,Northwood,16
2016,837,West River,2
2017,837,West River,1
2016,838,West River,1
2017,838,West River,8
2016,840,West River,15
2017,840,West River,0
2016,842,Southfield,2
2017,842,Southfield,2
2016,843,West River,22
2017,843,West River,18
2016,844,Northwood,12
2017,844,Northwood,3
2016,845,West River,8
2017,845,West River,11
2016,846,Southfield,7
2017,846,Southfield,1
2016,847,Northwood,3
2017,847,Northwood,0
2016,848,West River,4
2017,848,West River,16
2016,850,West River,6
2017,850,West River,12
2016,851,East Valley,9
2017,851,East Valley,0
2016,852,West River,10
2017,852,West River,0
2016,854,West River,3
2017,854,West River,25
2016,855,Southfield,11
2017,855,Southfield,0
2016,856,Southfield,13
2017,856,Southfield,8
2016,857,West River,24
2017,857,West River,31
2016,859,Southfield,18
2017,859,Southfield,8
2016,861,Northwood,13
2017,861,Northwood,6
2016,862,West River,33
2017,862,West River,4
2016,864,West River,7
2017,864,West River,2
2016,865,Northwood,0
2017,865,Northwood,53
2016,867,Southfield,1
2017,867,Southfield,5
2016,868,Northwood,5
2017,868,Northwood,9
2016,869,West River,10
2017,869,West River,9
2016,872,Southfield,39
2017,872,Southfield,3
2016,874,Southfield,15
2017,874,Southfield,0
2016,875,West River,17
2017,875,West River,33
2016,878,East Valley,4
2017,878,East Valley,4
2016,879,Northwood,33
2017,879,Northwood,7
2016,880,West River,45
2017,880,West River,2
2016,881,West River,18
2017,881,West River,3
2016,882,West River,23
2017,882,West River,39
2016,885,West River,34
2017,885,West River,2
2016,887,Southfield,2
2017,887,Southfield,27
2016,888,East Valley,6
2017,888,East Valley,5
2016,889,Northwood,7
2017,889,Northwood,1
2016,893,East Valley,3
2017,893,East Valley,8
2016,894,Northwood,0
2017,894,Northwood,12
2016,895,East Valley,9
2017,895,East Valley,35
2016,896,West River,2
2017,896,West River,22
2016,897,Southfield,0
2017,897,Southfield,6
2016,899,West River,35
2017,899,West River,5
2016,900,West River,6
2017,900,West River,13
2016,901,East Valley,5
2017,901,East Valley,1
2016,902,West River,15
2017,902,West River,1
2016,903,Southfield,6
2017,903,Southfield,1
2016,904,Northwood,7
2017,904,Northwood,11
2016,905,Northwood,11
2017,905,Northwood,1
2016,909,East Valley,3
2017,909,East Valley,18
2016,910,Southfield,1
2017,910,Southfield,1
2016,911,East Valley,0
2017,911,East Valley,12
2016,912,Northwood,3
2017,912,Northwood,26
2016,913,West River,24
2017,913,West River,22
2016,916,East Valley,2
2017,916,East Valley,0
2016,918,East Valley,8
2017,918,East Valley,7
2016,920,Southfield,3
2017,920,Southfield,7
2016,922,East Valley,21
2017,922,East Valley,8
2016,923,West River,5
2017,923,West River,13
2016,924,Southfield,4
2017,924,Southfield,13
2016,925,Southfield,1
2017,925,Southfield,7
2016,926,East Valley,4
2017,926,East Valley,2
2016,927,Southfield,24
2017,927,Southfield,2
2016,930,West River,16
2017,930,West River,0
2016,932,Southfield,6
2017,932,Southfield,9
2016,933,West River,2
2017,933,West River,22
2016,934,East Valley,4
2017,934,East Valley,7
2016,936,Northwood,4
2017,936,Northwood,4
2016,939,East Valley,21
2017,939,East Valley,5
2016,940,West River,1
2017,940,West River,17
2016,941,West River,7
2017,941,West River,3
2016,942,West River,1
2017,942,West River,5
2016,944,Southfield,2
2017,944,Southfield,13
2016,945,Southfield,2
2017,945,Southfield,0
2016,947,East Valley,9
2017,947,East Valley,6
2016,949,West River,21
2017,949,West River,4
2016,950,Northwood,19
2017,950,Northwood,9
2016,951,Northwood,4
2017,951,Northwood,1
2016,952,Southfield,19
2017,952,Southfield,0
2016,954,Northwood,11
2017,954,Northwood,26
2016,956,West River,5
2017,956,West River,5
2016,957,West River,1
2017,957,West River,1
2016,958,Southfield,3
2017,958,Southfield,1
2016,959,Southfield,0
2017,959,Southfield,1
2016,960,East Valley,15
2017,960,East Valley,5
2016,961,West River,0
2017,961,West River,14
2016,964,West River,3
2017,964,West River,1
2016,966,East Valley,4
2017,966,East Valley,19
2016,967,East Valley,15
2017,967,East Valley,0
2016,969,Southfield,30
2017,969,Southfield,3
2016,970,West River,1
2017,970,West River,1
2016,972,Southfield,0
2017,972,Southfield,1
2016,974,Southfield,1
2017,974,Southfield,2
2016,975,West River,1
2017,975,West River,12
2016,976,Southfield,7
2017,976,Southfield,2
2016,977,Northwood,0
2017,977,Northwood,10
2016,981,Southfield,31
2017,981,Southfield,8
2016,982,East Valley,13
2017,982,East Valley,2
2016,983,West River,4
2017,983,West River,8
2016,984,West River,11
2017,984,West River,30
2016,985,West River,6
2017,985,West River,28
2016,986,East Valley,5
2017,986,East Valley,14
2016,987,Southfield,9
2017,987,Southfield,10
2016,990,East Valley,13
2017,990,East Valley,28
2016,991,West River,13
2017,991,West River,3
2016,992,East Valley,20
2017,992,East Valley,5
2016,994,West River,3
2017,994,West River,1
2016,995,East Valley,42
2017,995,East Valley,3
2016,996,Southfield,0
2017,996,Southfield,23
2016,997,East Valley,15
2017,997,East Valley,3
2016,998,West River,10
2017,998,West River,8
2016,999,East Valley,8
2017,999,East Valley,22
2016,1001,Northwood,4
2017,1001,Northwood,8
2016,1002,East Valley,0
2017,1002,East Valley,33
2016,1003,West River,11
2017,1003,West River,2
2016,1004,Northwood,2
2017,1004,Northwood,33
2016,1005,West River,7
2017,1005,West River,4
2016,1006,East Valley,7
2017,1006,East Valley,2
2016,1007,Northwood,2
2017,1007,Northwood,3
2016,1009,West River,10
2017,1009,West River,4
2016,1010,East Valley,19
2017,1010,East Valley,5
2016,1011,Northwood,4
2017,1011,Northwood,8
2016,1012,Northwood,9
2017,1012,Northwood,3
2016,1013,West River,16
2017,1013,West River,23
2016,1014,Southfield,22
2017,1014,Southfield,5
2016,1015,West River,0
2017,1015,West River,4
2016,1016,East Valley,0
2017,1016,East Valley,3
2016,1017,West River,6
2017,1017,West River,24
2016,1018,Northwood,19
2017,1018,Northwood,0
2016,1019,Northwood,0
2017,1019,Northwood,3
2016,1022,Northwood,5
2017,1022,Northwood,0
2016,1024,Northwood,17
2017,1024,Northwood,12
2016,1025,West River,6
2017,1025,West River,7
2016,1026,Northwood,53
2017,1026,Northwood,25
2016,1027,West River,6
2017,1027,West River,27
2016,1028,Northwood,10
2017,1028,Northwood,8
2016,1029,West River,3
2017,1029,West River,17
2016,1030,West River,9
2017,1030,West River,9
2016,1032,West River,1
2017,1032,West River,3
2016,1033,Northwood,6
2017,1033,Northwood,1
2016,1034,West River,4
2017,1034,West River,3
2016,1035,West River,15
2017,1035,West River,12
2016,1036,East Valley,15
2017,1036,East Valley,20
2016,1037,East Valley,17
2017,1037,East Valley,0
2016,1038,West River,27
2017,1038,West River,24
2016,1039,Southfield,9
2017,1039,Southfield,2
2016,1040,Northwood,2
2017,1040,Northwood,23
2016,1042,East Valley,2
2017,1042,East Valley,10
2016,1043,Northwood,4
2017,1043,Northwood,11
2016,1044,East Valley,6
2017,1044,East Valley,5
2016,1045,West River,38
2017,1045,West River,1
2016,1046,Southfield,0
2017,1046,Southfield,18
2016,1047,East Valley,8
2017,1047,East Valley,12
2016,1048,East Valley,13
2017,1048,East Valley,2
2016,1049,Northwood,13
2017,1049,Northwood,25
2016,1050,Northwood,13
2017,1050,Northwood,5
2016,1052,West River,1
2017,1052,West River,31
2016,1053,Northwood,6
2017,1053,Northwood,1
2016,1055,Northwood,5
2017,1055,Northwood,8
2016,1056,Northwood,2
2017,1056,Northwood,2
2016,1060,East Valley,4
2017,1060,East Valley,4
2016,1061,Northwood,0
2017,1061,Northwood,8
2016,1062,East Valley,2
2017,1062,East Valley,12
2016,1066,West River,25
2017,1066,West River,14
2016,1068,West River,23
2017,1068,West River,24
2016,1069,West River,7
2017,1069,West River,11
2016,1070,Southfield,1
2017,1070,Southfield,22
2016,1071,East Valley,5
2017,1071,East Valley,0
2016,1073,Northwood,3
2017,1073,Northwood,23
2016,1074,West River,18
2017,1074,West River,13
2016,1076,Northwood,9
2017,1076,Northwood,2
2016,1077,West River,26
2017,1077,West River,12
2016,1079,Southfield,3
2017,1079,Southfield,8
2016,1080,West River,20
2017,1080,West River,2
2016,1081,Northwood,9
2017,1081,Northwood,10
2016,1082,East Valley,10
2017,1082,East Valley,0
2016,1083,Southfield,3
2017,1083,Southfield,6
2016,1084,Southfield,0
2017,1084,Southfield,3
2016,1085,West River,0
2017,1085,West River,33
2016,1088,Northwood,3
2017,1088,Northwood,15
2016,1092,East Valley,1
2017,1092,East Valley,15
2016,1094,West River,3
2017,1094,West River,0
2016,1096,Southfield,0
2017,1096,Southfield,7
2016,1097,West River,0
2017,1097,West River,1
2016,1098,West River,15
2017,1098,West River,4
2016,1099,Northwood,4
2017,1099,Northwood,12
2016,1100,Northwood,10
2017,1100,Northwood,11
2016,1101,Northwood,7
2017,1101,Northwood,5
2016,1102,Northwood,5
2017,1102,Northwood,4
2016,1103,Northwood,0
2017,1103,Northwood,8
2016,1105,West River,7
2017,1105,West River,0
2016,1106,Southfield,1
2017,1106,Southfield,24
2016,1107,Northwood,2
2017,1107,Northwood,0
2016,1108,Northwood,4
2017,1108,Northwood,5
2016,1109,East Valley,8
2017,1109,East Valley,11
2016,1111,Northwood,2
2017,1111,Northwood,15
2016,1113,Northwood,1
2017,1113,Northwood,29
2016,1114,West River,4
2017,1114,West River,15
2016,1115,East Valley,1
2017,1115,East Valley,0
2016,1116,West River,5
2017,1116,West River,19
2016,1117,Southfield,1
2017,1117,Southfield,5
2016,1118,West River,0
2017,1118,West River,18
2016,1119,West River,1
2017,1119,West River,4
2016,1120,Northwood,1
2017,1120,Northwood,10
2016,1121,East Valley,21
2017,1121,East Valley,23
2016,1124,Northwood,3
2017,1124,Northwood,2
2016,1125,West River,1
2017,1125,West River,19
2016,1126,West River,11
2017,1126,West River,11
2016,1127,West River,7
2017,1127,West River,4
2016,1128,Southfield,4
2017,1128,Southfield,8
2016,1131,Southfield,5
2017,1131,Southfield,0
2016,1132,East Valley,0
2017,1132,East Valley,3
2016,1133,West River,2
2017,1133,West River,9
2016,1135,East Valley,5
2017,1135,East Valley,24
2016,1136,West River,2
2017,1136,West River,5
2016,1137,West River,0
2017,1137,West River,4
2016,1138,East Valley,29
2017,1138,East Valley,4
2016,1140,Southfield,7
2017,1140,Southfield,2
2016,1143,Northwood,4
2017,1143,Northwood,2
2016,1148,Southfield,1
2017,1148,Southfield,0
2016,1150,Northwood,50
2017,1150,Northwood,23
2016,1152,East Valley,6
2017,1152,East Valley,3
2016,1154,Southfield,5
2017,1154,Southfield,17
2016,1156,East Valley,13
2017,1156,East Valley,8
2016,1157,West River,30
2017,1157,West River,1
2016,1158,West River,9
2017,1158,West River,2
2016,1160,West River,1
2017,1160,West River,0
2016,1161,Southfield,2
2017,1161,Southfield,12
2016,1162,West River,2
2017,1162,West River,3
2016,1163,West River,12
2017,1163,West River,2
2016,1164,East Valley,5
2017,1164,East Valley,5
2016,1165,East Valley,5
2017,1165,East Valley,0
2016,1166,Northwood,1
2017,1166,Northwood,7
2016,1167,Southfield,24
2017,1167,Southfield,1
2016,1171,Southfield,3
2017,1171,Southfield,48
2016,1172,East Valley,18
2017,1172,East Valley,15
2016,1173,Southfield,26
2017,1173,Southfield,20
2016,1175,West River,4
2017,1175,West River,1
2016,1177,Northwood,17
2017,1177,Northwood,17
2016,1179,Southfield,10
2017,1179,Southfield,3
2016,1180,Northwood,18
2017,1180,Northwood,5
2016,1182,Northwood,0
2017,1182,Northwood,9
2016,1184,West River,8
2017,1184,West River,0
2016,1185,West River,1
2017,1185,West River,25
2016,1188,West River,9
2017,1188,West River,1
2016,1190,West River,2
2017,1190,West River,0
2016,1191,Southfield,16
2017,1191,Southfield,27
2016,1192,East Valley,27
2017,1192,East Valley,2
2016,1193,Northwood,0
2017,1193,Northwood,8
2016,1195,West River,12
2017,1195,West River,11
2016,1196,West River,10
2017,1196,West River,8
2016,1198,Southfield,2
2017,1198,Southfield,0
2016,1200,Southfield,2
2017,1200,Southfield,1
2016,1201,East Valley,5
2017,1201,East Valley,2
2016,1202,West River,0
2017,1202,West River,12
2016,1203,West River,2
2017,1203,West River,4
2016,1204,West River,3
2017,1204,West River,30
2016,1206,Southfield,22
2017,1206,Southfield,43
2016,1207,Southfield,7
2017,1207,Southfield,11
2016,1210,East Valley,16
2017,1210,East Valley,23
2016,1211,West River,12
2017,1211,West River,23
2016,1212,Northwood,3
2017,1212,Northwood,4
2016,1215,Northwood,20
2017,1215,Northwood,4
2016,1216,Southfield,6
2017,1216,Southfield,20
2016,1217,East Valley,0
2017,1217,East Valley,2
2016,1218,West River,1
2017,1218,West River,8
2016,1219,East Valley,19
2017,1219,East Valley,0
2016,1220,Southfield,36
2017,1220,Southfield,2
2016,1221,East Valley,15
2017,1221,East Valley,20
2016,1224,Northwood,3
2017,1224,Northwood,1
2016,1225,Southfield,5
2017,1225,Southfield,14
2016,1226,Southfield,14
2017,1226,Southfield,10
2016,1228,Southfield,3
2017,1228,Southfield,4
2016,1231,Southfield,4
2017,1231,Southfield,12
2016,1233,East Valley,4
2017,1233,East Valley,2
2016,1234,Southfield,55
2017,1234,Southfield,5
2016,1235,West River,9
2017,1235,West River,3
2016,1237,Northwood,11
2017,1237,Northwood,8
2016,1238,Northwood,3
2017,1238,Northwood,1
2016,1239,West River,16
2017,1239,West River,2
2016,1240,Southfield,3
2017,1240,Southfield,2
2016,1241,Northwood,0
2017,1241,Northwood,0
2016,1242,Northwood,34
2017,1242,Northwood,0
2016,1243,Northwood,4
2017,1243,Northwood,5
2016,1244,West River,4
2017,1244,West River,22
2016,1245,Southfield,0
2017,1245,Southfield,1
2016,1246,Northwood,9
2017,1246,Northwood,0
2016,1248,East Valley,7
2017,1248,East Valley,20
2016,1249,West River,0
2017,1249,West River,3
2016,1250,West River,8
2017,1250,West River,0
2016,1251,West River,24
2017,1251,West River,14
2016,1252,East Valley,2
2017,1252,East Valley,3
2016,1254,West River,6
2017,1254,West River,5
2016,1255,East Valley,0
2017,1255,East Valley,1
2016,1256,East Valley,4
2017,1256,East Valley,18
2016,1257,West River,14
2017,1257,West River,23
2016,1258,East Valley,24
2017,1258,East Valley,28
2016,1259,West River,31
2017,1259,West River,4
2016,1260,Northwood,30
2017,1260,Northwood,4
2016,1263,Southfield,7
2017,1263,Southfield,16
2016,1264,Southfield,2
2017,1264,Southfield,32
2016,1265,West River,5
2017,1265,West River,21
2016,1267,East Valley,15
2017,1267,East Valley,2
2016,1268,East Valley,4
2017,1268,East Valley,3
2016,1269,Southfield,1
2017,1269,Southfield,0
2016,1270,West River,0
2017,1270,West River,0
2016,1273,Southfield,24
2017,1273,Southfield,8
2016,1275,Southfield,12
2017,1275,Southfield,12
2016,1277,Southfield,54
2017,1277,Southfield,16
2016,1278,Northwood,15
2017,1278,Northwood,4
2016,1279,East Valley,6
2017,1279,East Valley,10
2016,1280,East Valley,31
2017,1280,East Valley,7
2016,1281,Northwood,9
2017,1281,Northwood,8
2016,1282,Northwood,0
2017,1282,Northwood,1
2016,1283,East Valley,5
2017,1283,East Valley,11
2016,1285,Southfield,10
2017,1285,Southfield,5
2016,1286,West River,28
2017,1286,West River,9
2016,1288,Southfield,1
2017,1288,Southfield,4
2016,1289,West River,11
2017,1289,West River,5
2016,1291,Northwood,1
2017,1291,Northwood,12
2016,1292,East Valley,17
2017,1292,East Valley,0
2016,1293,East Valley,1
2017,1293,East Valley,1
2016,1294,East Valley,4
2017,1294,East Valley,40
2016,1295,West River,9
2017,1295,West River,2
2016,1296,East Valley,9
2017,1296,East Valley,3
2016,1297,West River,0
2017,1297,West River,3
2016,1298,East Valley,13
2017,1298,East Valley,16
2016,1299,West River,35
2017,1299,West River,5
2016,1301,East Valley,0
2017,1301,East Valley,13
2016,1303,East Valley,5
2017,1303,East Valley,1
2016,1304,West River,6
2017,1304,West River,24
2016,1306,West River,11
2017,1306,West River,6
2016,1307,East Valley,19
2017,1307,East Valley,4
2016,1308,West River,8
2017,1308,West River,4
2016,1309,West River,15
2017,1309,West River,13
2016,1310,East Valley,0
2017,1310,East Valley,4
2016,1311,Southfield,10
2017,1311,Southfield,12
2016,1312,Northwood,1
2017,1312,Northwood,7
2016,1314,Southfield,1
2017,1314,Southfield,29
2016,1315,Northwood,7
2017,1315,Northwood,5
2016,1317,West River,40
2017,1317,West River,8
2016,1318,West River,19
2017,1318,West River,44
2016,1319,East Valley,4
2017,1319,East Valley,15
2016,1321,Southfield,0
2017,1321,Southfield,6
2016,1322,Northwood,17
2017,1322,Northwood,11
2016,1324,Northwood,3
2017,1324,Northwood,5
2016,1329,East Valley,8
2017,1329,East Valley,0
2016,1331,Northwood,0
2017,1331,Northwood,0
2016,1333,West River,0
2017,1333,West River,28
2016,1334,East Valley,17
2017,1334,East Valley,0
2016,1336,West River,6
2017,1336,West River,0
2016,1338,East Valley,8
2017,1338,East Valley,2
2016,1340,West River,18
2017,1340,West River,14
2016,1344,East Valley,0
2017,1344,East Valley,3
2016,1346,Northwood,4
2017,1346,Northwood,1
2016,1349,West River,9
2017,1349,West River,37
2016,1350,Northwood,12
2017,1350,Northwood,10
2016,1352,East Valley,9
2017,1352,East Valley,2
2016,1355,West River,0
2017,1355,West River,15
2016,1356,West River,7
2017,1356,West River,3
2016,1358,Northwood,14
2017,1358,Northwood,7
2016,1360,Northwood,6
2017,1360,Northwood,17
2016,1361,East Valley,12
2017,1361,East Valley,11
2016,1362,West River,9
2017,1362,West River,23
2016,1363,Southfield,0
2017,1363,Southfield,6
2016,1364,East Valley,1
2017,1364,East Valley,1
2016,1367,East Valley,13
2017,1367,East Valley,2
2016,1368,East Valley,32
2017,1368,East Valley,17
2016,1369,East Valley,6
2017,1369,East Valley,1
2016,1371,West River,4
2017,1371,West River,7
2016,1372,Southfield,4
2017,1372,Southfield,20
2016,1373,Northwood,2
2017,1373,Northwood,7
2016,1374,Northwood,0
2017,1374,Northwood,2
2016,1375,East Valley,5
2017,1375,East Valley,0
2016,1377,West River,9
2017,1377,West River,11
2016,1379,West River,1
2017,1379,West River,7
2016,1380,East Valley,8
2017,1380,East Valley,20
2016,1382,West River,9
2017,1382,West River,7
2016,1383,Northwood,11
2017,1383,Northwood,51
2016,1387,East Valley,11
2017,1387,East Valley,8
2016,1389,Northwood,23
2017,1389,Northwood,5
2016,1390,East Valley,8
2017,1390,East Valley,12
2016,1391,West River,21
2017,1391,West River,20
2016,1392,Northwood,7
2017,1392,Northwood,1
2016,1394,Northwood,4
2017,1394,Northwood,6
2016,1395,West River,1
2017,1395,West River,20
2016,1396,Southfield,0
2017,1396,Southfield,26
2016,1397,Southfield,9
2017,1397,Southfield,1
2016,1399,East Valley,4
2017,1399,East Valley,19
2016,1401,West River,9
2017,1401,West River,6
2016,1402,Northwood,6
2017,1402,Northwood,23
2016,1403,Northwood,9
2017,1403,Northwood,25
2016,1405,Southfield,5
2017,1405,Southfield,7
2016,1407,West River,4
2017,1407,West River,20
2016,1408,West River,1
2017,1408,West River,6
2016,1409,West River,13
2017,1409,West River,15
2016,1411,West River,0
2017,1411,West River,0
2016,1412,West River,2
2017,1412,West River,11
2016,1415,East Valley,0
2017,1415,East Valley,11
2016,1417,West River,2
2017,1417,West River,5
2016,1419,West River,7
2017,1419,West River,0
2016,1420,Southfield,0
2017,1420,Southfield,4
2016,1421,Southfield,12
2017,1421,Southfield,27
2016,1422,Northwood,11
2017,1422,Northwood,1
2016,1423,Southfield,3
2017,1423,Southfield,0
2016,1424,East Valley,6
2017,1424,East Valley,19
2016,1425,East Valley,4
2017,1425,East Valley,2
2016,1427,East Valley,7
2017,1427,East Valley,0
2016,1428,Southfield,1
2017,1428,Southfield,4
2016,1430,West River,36
2017,1430,West River,0
2016,1431,Northwood,23
2017,1431,Northwood,1
2016,1433,Northwood,0
2017,1433,Northwood,1
2016,1434,Northwood,12
2017,1434,Northwood,1
2016,1435,Northwood,5
2017,1435,Northwood,12
2016,1436,Northwood,6
2017,1436,Northwood,1
2016,1438,West River,1
2017,1438,West River,9
2016,1439,East Valley,6
2017,1439,East Valley,24
2016,1440,East Valley,1
2017,1440,East Valley,9
2016,1441,Northwood,7
2017,1441,Northwood,7
2016,1443,Northwood,7
2017,1443,Northwood,1
2016,1445,Northwood,5
2017,1445,Northwood,28
2016,1446,West River,13
2017,1446,West River,2
2016,1447,West River,9
2017,1447,West River,13
2016,1448,East Valley,32
2017,1448,East Valley,3
2016,1449,East Valley,5
2017,1449,East Valley,5
2016,1453,East Valley,16
2017,1453,East Valley,0
2016,1457,Northwood,2
2017,1457,Northwood,41
2016,1458,East Valley,13
2017,1458,East Valley,11
2016,1459,East Valley,6
2017,1459,East Valley,9
2016,1460,Southfield,7
2017,1460,Southfield,8
2016,1461,Northwood,7
2017,1461,Northwood,9
2016,1464,West River,1
2017,1464,West River,0
2016,1465,East Valley,4
2017,1465,East Valley,10
2016,1466,East Valley,1
2017,1466,East Valley,12
2016,1467,West River,30
2017,1467,West River,1
2016,1468,West River,55
2017,1468,West River,34
2016,1469,East Valley,13
2017,1469,East Valley,7
2016,1471,Southfield,1
2017,1471,Southfield,1
2016,1472,Southfield,5
2017,1472,Southfield,17
2016,1473,Southfield,1
2017,1473,Southfield,14
2016,1474,West River,3
2017,1474,West River,6
2016,1475,East Valley,4
2017,1475,East Valley,4
2016,1477,Northwood,2
2017,1477,Northwood,28
2016,1478,Southfield,1
2017,1478,Southfield,1
2016,1479,Southfield,15
2017,1479,Southfield,9
2016,1480,Northwood,8
2017,1480,Northwood,13
2016,1481,East Valley,6
2017,1481,East Valley,6
2016,1482,West River,4
2017,1482,West River,1
2016,1483,Northwood,42
2017,1483,Northwood,9
2016,1484,Southfield,12
2017,1484,Southfield,20
2016,1485,West River,2
2017,1485,West River,19
2016,1486,Northwood,1
2017,1486,Northwood,2
2016,1487,Northwood,13
2017,1487,Northwood,20
2016,1489,Southfield,7
2017,1489,Southfield,1
2016,1492,West River,17
2017,1492,West River,0
2016,1494,Northwood,4
2017,1494,Northwood,5
2016,1495,Southfield,10
2017,1495,Southfield,6
2016,1496,West River,10
2017,1496,West River,0
2016,1497,East Valley,20
2017,1497,East Valley,1
2016,1499,East Valley,7
2017,1499,East Valley,0
2016,1501,East Valley,2
2017,1501,East Valley,12
2016,1502,East Valley,3
2017,1502,East Valley,9
2016,1503,West River,1
2017,1503,West River,14
2016,1504,East Valley,7
2017,1504,East Valley,2
2016,1506,Northwood,9
2017,1506,Northwood,1
2016,1507,Northwood,15
2017,1507,Northwood,2
2016,1509,East Valley,31
2017,1509,East Valley,2
2016,1513,Northwood,4
2017,1513,Northwood,9
2016,1514,Southfield,9
2017,1514,Southfield,17
2016,1515,West River,7
2017,1515,West River,7
2016,1516,East Valley,0
2017,1516,East Valley,13
2016,1520,East Valley,1
2017,1520,East Valley,1
2016,1522,East Valley,4
2017,1522,East Valley,13
2016,1523,West River,5
2017,1523,West River,12
2016,1525,West River,32
2017,1525,West River,26
2016,1527,Northwood,25
2017,1527,Northwood,6
2016,1529,Southfield,1
2017,1529,Southfield,9
2016,1533,Northwood,11
2017,1533,Northwood,0
2016,1534,Southfield,0
2017,1534,Southfield,31
2016,1535,East Valley,32
2017,1535,East Valley,6
2016,1537,West River,11
2017,1537,West River,9
2016,1539,Southfield,1
2017,1539,Southfield,6
2016,1541,Northwood,8
2017,1541,Northwood,0
2016,1542,Northwood,5
2017,1542,Northwood,3
2016,1543,East Valley,18
2017,1543,East Valley,9
2016,1544,West River,27
2017,1544,West River,10
2016,1545,West River,7
2017,1545,West River,0
2016,1546,Southfield,17
2017,1546,Southfield,5
2016,1547,East Valley,7
2017,1547,East Valley,2
2016,1548,West River,1
2017,1548,West River,4
2016,1549,West River,4
2017,1549,West River,6
2016,1550,Northwood,1
2017,1550,Northwood,7
2016,1551,East Valley,2
2017,1551,East Valley,2
2016,1552,Southfield,15
2017,1552,Southfield,16
2016,1553,West River,1
2017,1553,West River,5
2016,1554,West River,3
2017,1554,West River,2
2016,1555,East Valley,7
2017,1555,East Valley,0
2016,1556,West River,21
2017,1556,West River,7
2016,1557,West River,2
2017,1557,West River,3
2016,1558,Southfield,3
2017,1558,Southfield,27
2016,1560,West River,3
2017,1560,West River,0
2016,1562,Southfield,1
2017,1562,Southfield,12
2016,1563,Southfield,8
2017,1563,Southfield,6
2016,1564,East Valley,38
2017,1564,East Valley,5
2016,1568,Southfield,14
2017,1568,Southfield,3
2016,1569,East Valley,15
2017,1569,East Valley,34
2016,1572,West River,19
2017,1572,West River,1
2016,1573,West River,6
2017,1573,West River,1
2016,1574,East Valley,9
2017,1574,East Valley,2
2016,1576,Southfield,1
2017,1576,Southfield,17
2016,1577,East Valley,36
2017,1577,East Valley,11
2016,1578,East Valley,23
2017,1578,East Valley,4
2016,1580,Northwood,10
2017,1580,Northwood,15
2016,1581,West River,12
2017,1581,West River,9
2016,1582,East Valley,6
2017,1582,East Valley,18
2016,1583,West River,9
2017,1583,West River,16
2016,1585,Northwood,8
2017,1585,Northwood,0
2016,1586,Northwood,2
2017,1586,Northwood,9
2016,1587,East Valley,9
2017,1587,East Valley,31
2016,1588,West River,28
2017,1588,West River,8
2016,1590,West River,0
2017,1590,West River,4
2016,1591,East Valley,3
2017,1591,East Valley,3
2016,1592,East Valley,0
2017,1592,East Valley,21
2016,1594,West River,0
2017,1594,West River,1
2016,1595,West River,11
2017,1595,West River,6
2016,1596,Southfield,12
2017,1596,Southfield,2
2016,1597,Southfield,1
2017,1597,Southfield,5
2016,1598,West River,1
2017,1598,West River,5
2016,1599,West River,9
2017,1599,West River,1
2016,1601,East Valley,9
2017,1601,East Valley,0
2016,1602,Southfield,13
2017,1602,Southfield,8
2016,1604,Northwood,40
2017,1604,Northwood,3
2016,1605,Northwood,18
2017,1605,Northwood,4
2016,1606,Northwood,6
2017,1606,Northwood,7
2016,1607,West River,1
2017,1607,West River,9
2016,1608,West River,2
2017,1608,West River,2
2016,1609,Northwood,9
2017,1609,Northwood,3
2016,1611,Northwood,2
2017,1611,Northwood,9
2016,1612,East Valley,1
2017,1612,East Valley,11
2016,1613,Northwood,34
2017,1613,Northwood,2
2016,1614,West River,18
2017,1614,West River,9
2016,1615,Northwood,36
2017,1615,Northwood,0
2016,1617,Southfield,11
2017,1617,Southfield,14
2016,1618,East Valley,13
2017,1618,East Valley,11
2016,1619,East Valley,24
2017,1619,East Valley,9
2016,1621,West River,16
2017,1621,West River,9
2016,1622,West River,9
2017,1622,West River,8
2016,1623,West River,9
2017,1623,West River,1
2016,1624,West River,8
2017,1624,West River,3
2016,1625,East Valley,31
2017,1625,East Valley,3
2016,1627,East Valley,0
2017,1627,East Valley,12
2016,1628,West River,9
2017,1628,West River,5
2016,1630,Southfield,4
2017,1630,Southfield,14
2016,1631,Southfield,11
2017,1631,Southfield,0
2016,1633,East Valley,0
2017,1633,East Valley,4
2016,1635,East Valley,1
2017,1635,East Valley,0
2016,1638,East Valley,18
2017,1638,East Valley,3
2016,1639,East Valley,7
2017,1639,East Valley,3
2016,1640,West River,12
2017,1640,West River,8
2016,1641,East Valley,2
2017,1641,East Valley,9
2016,1642,East Valley,10
2017,1642,East Valley,4
2016,1644,Southfield,1
2017,1644,Southfield,4
2016,1645,Northwood,10
2017,1645,Northwood,4
2016,1646,East Valley,5
2017,1646,East Valley,12
2016,1647,Northwood,5
2017,1647,Northwood,8
2016,1648,Southfield,4
2017,1648,Southfield,8
2016,1649,Northwood,3
2017,1649,Northwood,5
2016,1650,East Valley,3
2017,1650,East Valley,0
2016,1651,West River,11
2017,1651,West River,6
2016,1653,Southfield,8
2017,1653,Southfield,20
2016,1654,Northwood,50
2017,1654,Northwood,7
2016,1655,West River,9
2017,1655,West River,0
2016,1656,East Valley,1
2017,1656,East Valley,15
2016,1657,East Valley,7
2017,1657,East Valley,1
2016,1658,Northwood,14
2017,1658,Northwood,0
2016,1659,Northwood,4
2017,1659,Northwood,7
2016,1661,East Valley,9
2017,1661,East Valley,22
2016,1662,Northwood,1
2017,1662,Northwood,17
2016,1664,Southfield,4
2017,1664,Southfield,11
2016,1665,East Valley,8
2017,1665,East Valley,5
2016,1666,Southfield,4
2017,1666,Southfield,0
2016,1667,Northwood,20
2017,1667,Northwood,4
2016,1668,Southfield,0
2017,1668,Southfield,9
2016,1669,West River,5
2017,1669,West River,3
2016,1670,Southfield,24
2017,1670,Southfield,12
2016,1671,West River,9
2017,1671,West River,7
2016,1673,East Valley,1
2017,1673,East Valley,5
2016,1674,West River,7
2017,1674,West River,12
2016,1675,West River,1
2017,1675,West River,1
2016,1676,Southfield,17
2017,1676,Southfield,0
2016,1677,West River,2
2017,1677,West River,0
2016,1678,Southfield,3
2017,1678,Southfield,7
2016,1680,East Valley,11
2017,1680,East Valley,19
2016,1681,East Valley,3
2017,1681,East Valley,15
2016,1682,West River,15
2017,1682,West River,51
2016,1683,East Valley,0
2017,1683,East Valley,5
2016,1684,East Valley,5
2017,1684,East Valley,1
2016,1687,East Valley,7
2017,1687,East Valley,0
2016,1689,Southfield,23
2017,1689,Southfield,13
2016,1691,West River,2
2017,1691,West River,1
2016,1692,West River,5
2017,1692,West River,34
2016,1693,West River,2
2017,1693,West River,14
2016,1694,West River,0
2017,1694,West River,13
2016,1696,West River,11
2017,1696,West River,57
2016,1697,Southfield,7
2017,1697,Southfield,4
2016,1698,West River,0
2017,1698,West River,0
2016,1700,West River,5
2017,1700,West River,0
2016,1701,East Valley,0
2017,1701,East Valley,7
2016,1702,East Valley,19
2017,1702,East Valley,25
2016,1703,East Valley,5
2017,1703,East Valley,2
2016,1704,West River,16
2017,1704,West River,1
2016,1706,West River,1
2017,1706,West River,3
2016,1707,West River,10
2017,1707,West River,0
2016,1708,East Valley,4
2017,1708,East Valley,21
2016,1709,West River,3
2017,1709,West River,2
2016,1710,West River,10
2017,1710,West River,5
2016,1712,West River,9
2017,1712,West River,11
2016,1714,West River,2
2017,1714,West River,4
2016,1716,West River,47
2017,1716,West River,0
2016,1718,Southfield,18
2017,1718,Southfield,4
2016,1719,East Valley,25
2017,1719,East Valley,3
2016,1720,East Valley,9
2017,1720,East Valley,0
2016,1721,Southfield,6
2017,1721,Southfield,3
2016,1722,West River,20
2017,1722,West River,8
2016,1724,West River,0
2017,1724,West River,16
2016,1725,Northwood,1
2017,1725,Northwood,9
2016,1727,East Valley,0
2017,1727,East Valley,10
2016,1728,East Valley,6
2017,1728,East Valley,6
2016,1729,Southfield,8
2017,1729,Southfield,23
2016,1731,Southfield,10
2017,1731,Southfield,0
2016,1732,Northwood,0
2017,1732,Northwood,12
2016,1733,Northwood,5
2017,1733,Northwood,18
2016,1734,Northwood,1
2017,1734,Northwood,2
2016,1735,West River,3
2017,1735,West River,0
2016,1736,Southfield,13
2017,1736,Southfield,30
2016,1737,Northwood,12
2017,1737,Northwood,1
2016,1739,East Valley,11
2017,1739,East Valley,4
2016,1740,Northwood,1
2017,1740,Northwood,1
2016,1744,East Valley,24
2017,1744,East Valley,6
2016,1745,West River,0
2017,1745,West River,5
2016,1746,East Valley,2
2017,1746,East Valley,14
2016,1747,Northwood,1
2017,1747,Northwood,16
2016,1749,Southfield,21
2017,1749,Southfield,3
2016,1751,Northwood,17
2017,1751,Northwood,5
2016,1752,Southfield,0
2017,1752,Southfield,1
2016,1753,Southfield,2
2017,1753,Southfield,3
2016,1754,West River,3
2017,1754,West River,14
2016,1755,West River,7
2017,1755,West River,1
2016,1756,Southfield,9
2017,1756,Southfield,9
2016,1757,West River,19
2017,1757,West River,33
2016,1758,West River,11
2017,1758,West River,40
2016,1760,East Valley,1
2017,1760,East Valley,2
2016,1761,West River,0
2017,1761,West River,1
2016,1762,West River,9
2017,1762,West River,40
2016,1763,Northwood,2
2017,1763,Northwood,4
2016,1764,West River,27
2017,1764,West River,14
2016,1766,Southfield,6
2017,1766,Southfield,7
2016,1767,West River,27
2017,1767,West River,18
2016,1768,East Valley,3
2017,1768,East Valley,3
2016,1770,West River,33
2017,1770,West River,0
2016,1771,East Valley,39
2017,1771,East Valley,11
2016,1772,West River,1
2017,1772,West River,23
2016,1774,West River,12
2017,1774,West River,30
2016,1775,West River,1
2017,1775,West River,12
2016,1778,Southfield,0
2017,1778,Southfield,12
2016,1779,East Valley,1
2017,1779,East Valley,3
2016,1780,West River,6
2017,1780,West River,0
2016,1782,West River,17
2017,1782,West River,7
2016,1783,Southfield,3
2017,1783,Southfield,19
2016,1784,East Valley,4
2017,1784,East Valley,4
2016,1786,East Valley,5
2017,1786,East Valley,3
2016,1787,Northwood,3
2017,1787,Northwood,0
2016,1789,Southfield,4
2017,1789,Southfield,2
2016,1790,East Valley,18
2017,1790,East Valley,0
2016,1792,Southfield,23
2017,1792,Southfield,14
2016,1794,West River,9
2017,1794,West River,0
2016,1797,West River,6
2017,1797,West River,1
2016,1798,Northwood,16
2017,1798,Northwood,1
2016,1799,West River,3
2017,1799,West River,2
2016,1800,Southfield,0
2017,1800,Southfield,5
2016,1801,Southfield,3
2017,1801,Southfield,0
2016,1802,Southfield,3
2017,1802,Southfield,3
2016,1803,West River,2
2017,1803,West River,17
2016,1804,West River,0
2017,1804,West River,3
2016,1805,West River,4
2017,1805,West River,4
2016,1807,East Valley,2
2017,1807,East Valley,14
2016,1809,Southfield,22
2017,1809,Southfield,10
2016,1812,Northwood,26
2017,1812,Northwood,1
2016,1813,West River,9
2017,1813,West River,18
2016,1814,East Valley,5
2017,1814,East Valley,17
2016,1815,Southfield,9
2017,1815,Southfield,2
2016,1816,Southfield,1
2017,1816,Southfield,32
2016,1818,Northwood,8
2017,1818,Northwood,0
2016,1821,West River,4
2017,1821,West River,23
2016,1822,Northwood,2
2017,1822,Northwood,16
2016,1823,East Valley,1
2017,1823,East Valley,21
2016,1824,East Valley,25
2017,1824,East Valley,24
2016,1826,Northwood,6
2017,1826,Northwood,10
2016,1827,Southfield,19
2017,1827,Southfield,7
2016,1829,Southfield,14
2017,1829,Southfield,2
2016,1830,East Valley,4
2017,1830,East Valley,19
2016,1833,East Valley,9
2017,1833,East Valley,1
2016,1834,Northwood,13
2017,1834,Northwood,12
2016,1835,West River,4
2017,1835,West River,22
2016,1836,Southfield,9
2017,1836,Southfield,16
2016,1837,West River,0
2017,1837,West River,5
2016,1839,East Valley,21
2017,1839,East Valley,8
2016,1842,East Valley,4
2017,1842,East Valley,2
2016,1844,West River,7
2017,1844,West River,11
2016,1845,East Valley,1
2017,1845,East Valley,7
2016,1847,Northwood,9
2017,1847,Northwood,0
2016,1849,Northwood,22
2017,1849,Northwood,4
2016,1850,East Valley,3
2017,1850,East Valley,7
2016,1852,West River,0
2017,1852,West River,8
2016,1853,Northwood,5
2017,1853,Northwood,9
2016,1854,Southfield,15
2017,1854,Southfield,26
2016,1856,Southfield,0
2017,1856,Southfield,16
2016,1857,West River,47
2017,1857,West River,7
2016,1858,Southfield,9
2017,1858,Southfield,2
2016,1859,West River,8
2017,1859,West River,1
2016,1860,East Valley,5
2017,1860,East Valley,1
2016,1862,Southfield,8
2017,1862,Southfield,16
2016,1863,East Valley,2
2017,1863,East Valley,23
2016,1864,Northwood,0
2017,1864,Northwood,2
2016,1865,Southfield,1
2017,1865,Southfield,25
2016,1866,Southfield,6
2017,1866,Southfield,3
2016,1867,Southfield,6
2017,1867,Southfield,10
2016,1868,West River,14
2017,1868,West River,5
2016,1869,Northwood,11
2017,1869,Northwood,2
2016,1870,West River,17
2017,1870,West River,7
2016,1871,East Valley,14
2017,1871,East Valley,1
2016,1873,East Valley,1
2017,1873,East Valley,15
2016,1875,East Valley,4
2017,1875,East Valley,9
2016,1876,West River,2
2017,1876,West River,14
2016,1878,West River,4
2017,1878,West River,3
2016,1880,Northwood,34
2017,1880,Northwood,9
2016,1881,East Valley,35
2017,1881,East Valley,12
2016,1882,East Valley,0
2017,1882,East Valley,0
2016,1883,East Valley,19
2017,1883,East Valley,1
2016,1885,Northwood,24
2017,1885,Northwood,5
2016,1886,West River,2
2017,1886,West River,6
2016,1888,East Valley,23
2017,1888,East Valley,3
2016,1890,East Valley,5
2017,1890,East Valley,7
2016,1892,West River,28
2017,1892,West River,6
2016,1893,West River,6
2017,1893,West River,5
2016,1898,East Valley,0
2017,1898,East Valley,5
2016,1900,West River,12
2017,1900,West River,20
2016,1903,Northwood,9
2017,1903,Northwood,15
2016,1905,East Valley,1
2017,1905,East Valley,1
2016,1907,West River,7
2017,1907,West River,18
2016,1908,Southfield,16
2017,1908,Southfield,8
2016,1909,West River,6
2017,1909,West River,0
2016,1911,East Valley,14
2017,1911,East Valley,5
2016,1912,East Valley,3
2017,1912,East Valley,2
2016,1915,East Valley,16
2017,1915,East Valley,28
2016,1916,Northwood,3
2017,1916,Northwood,1
2016,1918,Southfield,14
2017,1918,Southfield,28
2016,1922,West River,6
2017,1922,West River,1
2016,1924,Northwood,5
2017,1924,Northwood,5
2016,1927,Southfield,3
2017,1927,Southfield,2
2016,1928,Southfield,2
2017,1928,Southfield,4
2016,1929,Southfield,9
2017,1929,Southfield,0
2016,1931,Southfield,13
2017,1931,Southfield,1
2016,1932,East Valley,1
2017,1932,East Valley,2
2016,1933,East Valley,2
2017,1933,East Valley,8
2016,1934,East Valley,5
2017,1934,East Valley,18
2016,1935,East Valley,7
2017,1935,East Valley,4
2016,1936,West River,23
2017,1936,West River,5
2016,1937,Northwood,3
2017,1937,Northwood,13
2016,1938,Southfield,2
2017,1938,Southfield,26
2016,1939,West River,4
2017,1939,West River,6
2016,1940,West River,9
2017,1940,West River,11
2016,1941,East Valley,20
2017,1941,East Valley,1
2016,1943,West River,0
2017,1943,West River,0
2016,1944,Southfield,2
2017,1944,Southfield,9
2016,1945,East Valley,24
2017,1945,East Valley,37
2016,1947,West River,13
2017,1947,West River,13
2016,1948,Northwood,6
2017,1948,Northwood,37
2016,1949,East Valley,1
2017,1949,East Valley,2
2016,1950,Southfield,3
2017,1950,Southfield,0
2016,1951,East Valley,28
2017,1951,East Valley,2
2016,1952,East Valley,1
2017,1952,East Valley,13
2016,1954,East Valley,0
2017,1954,East Valley,12
2016,1955,Northwood,4
2017,1955,Northwood,0
2016,1956,West River,25
2017,1956,West River,13
2016,1960,Southfield,7
2017,1960,Southfield,10
2016,1961,Southfield,7
2017,1961,Southfield,11
2016,1962,Southfield,2
2017,1962,Southfield,1
2016,1965,West River,35
2017,1965,West River,0
2016,1966,Northwood,8
2017,1966,Northwood,5
2016,1967,East Valley,6
2017,1967,East Valley,65
2016,1968,Northwood,0
2017,1968,Northwood,10
2016,1969,Northwood,13
2017,1969,Northwood,4
2016,1970,East Valley,0
2017,1970,East Valley,0
2016,1971,West River,3
2017,1971,West River,5
2016,1972,West River,9
2017,1972,West River,15
2016,1973,East Valley,4
2017,1973,East Valley,3
2016,1974,Southfield,3
2017,1974,Southfield,4
2016,1975,Northwood,2
2017,1975,Northwood,6
2016,1976,Northwood,0
2017,1976,Northwood,4
2016,1979,Southfield,0
2017,1979,Southfield,3
2016,1980,East Valley,0
2017,1980,East Valley,12
2016,1981,Northwood,16
2017,1981,Northwood,11
2016,1982,West River,25
2017,1982,West River,4
2016,1985,Southfield,4
2017,1985,Southfield,18
2016,1986,West River,1
2017,1986,West River,11
2016,1987,East Valley,4
2017,1987,East Valley,1
2016,1989,West River,0
2017,1989,West River,34
2016,1992,East Valley,12
2017,1992,East Valley,3
2016,1993,West River,14
2017,1993,West River,13
2016,1994,Northwood,42
2017,1994,Northwood,19
2016,1995,Northwood,6
2017,1995,Northwood,0
2016,1996,East Valley,9
2017,1996,East Valley,3
2016,1997,Northwood,3
2017,1997,Northwood,21
2016,1998,West River,6
2017,1998,West River,11
2016,1999,Northwood,3
2017,1999,Northwood,5
2016,2000,West River,22
2017,2000,West River,6
2016,2003,Southfield,10
2017,2003,Southfield,46
2016,2007,Southfield,2
2017,2007,Southfield,10
2016,2008,Southfield,32
2017,2008,Southfield,12
2016,2009,Northwood,0
2017,2009,Northwood,1
2016,2010,East Valley,3
2017,2010,East Valley,4
2016,2012,Southfield,3
2017,2012,Southfield,61
2016,2013,West River,9
2017,2013,West River,8
2016,2014,East Valley,16
2017,2014,East Valley,8
2016,2015,West River,0
2017,2015,West River,3
2016,2016,Northwood,9
2017,2016,Northwood,19
2016,2017,Northwood,9
2017,2017,Northwood,25
2016,2018,Southfield,11
2017,2018,Southfield,39
2016,2019,West River,8
2017,2019,West River,14
2016,2020,West River,19
2017,2020,West River,18
2016,2021,Northwood,12
2017,2021,Northwood,9
2016,2022,West River,15
2017,2022,West River,11
2016,2023,Northwood,1
2017,2023,Northwood,24
2016,2024,East Valley,10
2017,2024,East Valley,1
2016,2025,West River,0
2017,2025,West River,21
2016,2026,West River,0
2017,2026,West River,4
2016,2027,Northwood,5
2017,2027,Northwood,1
2016,2031,West River,20
2017,2031,West River,8
2016,2032,West River,25
2017,2032,West River,4
2016,2034,East Valley,5
2017,2034,East Valley,1
2016,2035,East Valley,10
2017,2035,East Valley,16
2016,2036,Southfield,11
2017,2036,Southfield,14
2016,2037,East Valley,1
2017,2037,East Valley,12
2016,2038,Southfield,9
2017,2038,Southfield,0
2016,2040,West River,18
2017,2040,West River,5
2016,2041,West River,6
2017,2041,West River,4
2016,2044,East Valley,9
2017,2044,East Valley,23
2016,2045,Southfield,7
2017,2045,Southfield,5
2016,2046,East Valley,18
2017,2046,East Valley,55
2016,2048,Southfield,0
2017,2048,Southfield,5
2016,2049,Southfield,2
2017,2049,Southfield,5
2016,2051,Northwood,20
2017,2051,Northwood,2
2016,2052,Northwood,11
2017,2052,Northwood,5
2016,2053,Southfield,2
2017,2053,Southfield,31
2016,2054,East Valley,32
2017,2054,East Valley,3
2016,2055,West River,0
2017,2055,West River,10
2016,2056,Northwood,16
2017,2056,Northwood,7
2016,2057,Southfield,4
2017,2057,Southfield,0
2016,2060,West River,7
2017,2060,West River,1
2016,2061,East Valley,7
2017,2061,East Valley,9
2016,2062,Northwood,4
2017,2062,Northwood,14
2016,2064,West River,1
2017,2064,West River,6
2016,2065,East Valley,4
2017,2065,East Valley,6
2016,2068,Northwood,22
2017,2068,Northwood,9