employee_id,department,job_level,gender
1,Sales,Salaried,Female
2,Engineering,Hourly,Female
4,Engineering,Hourly,Female
5,Engineering,Salaried,Male
7,Engineering,Hourly,Male
8,Engineering,Salaried,Female
10,Engineering,Hourly,Female
11,Engineering,Hourly,Male
12,Engineering,Hourly,Female
13,Engineering,Hourly,Male
14,Engineering,Hourly,Female
15,Engineering,Hourly,Female
16,Engineering,Hourly,Male
18,Engineering,Hourly,Female
19,Engineering,Salaried,Male
20,Engineering,Hourly,Male
21,Engineering,Hourly,Female
22,Engineering,Hourly,Male
23,Sales,Hourly,Female
24,Engineering,Hourly,Female
26,Engineering,Hourly,Male
27,Sales,Hourly,Female
28,Engineering,Hourly,Male
30,Engineering,Salaried,Male
31,Engineering,Hourly,Female
32,Engineering,Salaried,Female
33,Engineering,Hourly,Male
35,Sales,Hourly,Female
36,Engineering,Hourly,Female
38,Sales,Hourly,Male
39,Engineering,Hourly,Female
40,Engineering,Hourly,Male
41,Engineering,Hourly,Female
42,Sales,Salaried,Male
45,Engineering,Salaried,Female
46,Engineering,Hourly,Male
47,Sales,Hourly,Female
49,Sales,Hourly,Female
51,Engineering,Hourly,Male
52,Sales,Hourly,Female
53,Engineering,Hourly,Male
54,Engineering,Hourly,Female
55,Engineering,Hourly,Male
56,Sales,Manager,Female
57,Engineering,Hourly,Female
58,Engineering,Hourly,Female
60,Sales,Hourly,Male
61,Engineering,Hourly,Female
62,Sales,Salaried,Male
63,Engineering,Manager,Male
64,Engineering,Hourly,Male
65,Engineering,Hourly,Female
68,Sales,Hourly,Male
70,Engineering,Hourly,Female
72,Sales,Salaried,Female
73,Engineering,Salaried,Male
74,Sales,Manager,Male
75,Engineering,Hourly,Female
76,Engineering,Salaried,Male
77,Engineering,Salaried,Female
78,Engineering,Hourly,Male
79,Engineering,Hourly,Female
80,Engineering,Hourly,Male
81,Sales,Salaried,Male
83,Engineering,Salaried,Female
84,Engineering,Hourly,Female
85,Engineering,Hourly,Male
86,Engineering,Hourly,Female
88,Engineering,Hourly,Female
90,Engineering,Hourly,Male
91,Sales,Hourly,Female
94,Engineering,Manager,Male
95,Engineering,Hourly,Male
96,Engineering,Hourly,Female
97,Engineering,Hourly,Male
98,Engineering,Hourly,Female
100,Sales,Hourly,Female
101,Engineering,Hourly,Male
102,Engineering,Hourly,Female
103,Finance,Salaried,Male
104,Engineering,Manager,Male
105,Engineering,Hourly,Male
106,Sales,Hourly,Female
107,Engineering,Hourly,Male
110,Engineering,Hourly,Female
112,Engineering,Hourly,Female
113,Sales,Salaried,Female
116,Engineering,Hourly,Male
117,Engineering,Salaried,Male
118,Sales,Hourly,Female
119,Engineering,Hourly,Male
120,Sales,Salaried,Male
121,Sales,Hourly,Female
124,Engineering,Hourly,Male
125,Sales,Manager,Female
126,Engineering,Hourly,Female
128,Sales,Hourly,Female
129,Sales,Salaried,Female
131,Sales,Hourly,Male
132,Engineering,Hourly,Female
133,Finance,Manager,Male
134,Engineering,Salaried,Male
137,Engineering,Hourly,Male
138,Engineering,Hourly,Female
139,Engineering,Hourly,Male
140,Finance,Salaried,Female
141,Engineering,Hourly,Female
142,Sales,Manager,Female
143,Engineering,Hourly,Female
144,Engineering,Hourly,Male
145,Engineering,Hourly,Female
147,Engineering,Salaried,Male
148,Finance,Hourly,Male
150,Engineering,Salaried,Female
151,Engineering,Hourly,Female
152,Sales,Hourly,Male
153,Engineering,Salaried,Male
154,Sales,Salaried,Male
155,Engineering,Hourly,Female
158,Sales,Salaried,Female
159,Engineering,Hourly,Female
160,Sales,Hourly,Male
161,Engineering,Hourly,Female
162,Engineering,Hourly,Male
163,Sales,Salaried,Male
164,Engineering,Manager,Male
165,Engineering,Salaried,Female
167,Sales,Hourly,Female
169,Engineering,Hourly,Male
170,Engineering,Salaried,Male
171,Engineering,Hourly,Female
174,Sales,Hourly,Female
175,Sales,Hourly,Male
176,Sales,Hourly,Female
177,Finance,Hourly,Male
178,Engineering,Hourly,Female
179,Engineering,Manager,Male
182,Sales,Hourly,Male
183,Sales,Salaried,Female
184,Finance,Hourly,Female
190,Engineering,Hourly,Female
192,Engineering,Hourly,Male
193,Engineering,Hourly,Female
194,Engineering,Hourly,Male
195,Sales,Salaried,Male
197,Engineering,Hourly,Female
198,Engineering,Hourly,Male
199,Engineering,Salaried,Male
200,Engineering,Manager,Male
201,Engineering,Hourly,Female
202,Engineering,Hourly,Female
204,Sales,Salaried,Female
205,Sales,Hourly,Male
206,Engineering,Hourly,Female
207,Sales,Hourly,Male
208,Engineering,Salaried,Male
211,Engineering,Hourly,Female
214,Engineering,Hourly,Male
215,Sales,Salaried,Female
216,Sales,Salaried,Male
217,Engineering,Salaried,Female
218,Engineering,Hourly,Female
221,Engineering,Hourly,Female
223,Engineering,Manager,Male
224,Engineering,Hourly,Male
226,Engineering,Hourly,Female
227,Engineering,Hourly,Male
228,Sales,Hourly,Female
230,Sales,Salaried,Male
231,Engineering,Hourly,Male
233,Engineering,Hourly,Female
235,Sales,Hourly,Female
238,Engineering,Salaried,Male
239,Engineering,Manager,Female
240,Sales,Salaried,Female
241,Engineering,Salaried,Male
242,Engineering,Hourly,Male
243,Engineering,Salaried,Female
244,Sales,Hourly,Female
245,Engineering,Hourly,Male
246,Engineering,Hourly,Female
247,Engineering,Hourly,Male
248,Sales,Hourly,Female
249,Engineering,Salaried,Male
250,Engineering,Hourly,Female
252,Engineering,Salaried,Female
253,Engineering,Hourly,Male
254,Engineering,Hourly,Female
256,Engineering,Hourly,Male
258,Engineering,Manager,Male
259,Engineering,Hourly,Female
260,Engineering,Manager,Female
261,Engineering,Manager,Male
262,Engineering,Salaried,Male
264,Engineering,Manager,Male
267,Engineering,Hourly,Male
269,Engineering,Manager,Male
270,Engineering,Hourly,Female
271,Engineering,Hourly,Female
273,Engineering,Hourly,Male
274,Engineering,Salaried,Male
275,Engineering,Hourly,Female
277,Engineering,Hourly,Male
281,Engineering,Salaried,Female
282,Engineering,Hourly,Female
283,Sales,Hourly,Male
284,Engineering,Hourly,Female
286,Engineering,Hourly,Female
287,Engineering,Manager,Male
288,Engineering,Hourly,Male
291,Sales,Hourly,Female
292,Engineering,Hourly,Male
293,Sales,Manager,Female
296,Engineering,Salaried,Male
297,Engineering,Hourly,Female
298,Sales,Hourly,Male
299,Sales,Salaried,Female
300,Engineering,Hourly,Female
302,Sales,Hourly,Female
303,Sales,Hourly,Male
304,Engineering,Hourly,Female
305,Engineering,Hourly,Male
306,Engineering,Hourly,Female
307,Sales,Salaried,Male
308,Engineering,Hourly,Male
309,Engineering,Manager,Male
311,Sales,Hourly,Female
312,Sales,Hourly,Female
314,Sales,Hourly,Male
315,Engineering,Hourly,Female
316,Engineering,Salaried,Female
319,Engineering,Salaried,Male
321,Finance,Salaried,Male
323,Sales,Salaried,Female
325,Engineering,Salaried,Male
327,Sales,Hourly,Male
328,Engineering,Salaried,Female
329,Sales,Manager,Female
330,Sales,Salaried,Male
331,Engineering,Salaried,Female
332,Engineering,Hourly,Female
333,Sales,Hourly,Male
334,Engineering,Hourly,Female
335,Engineering,Hourly,Female
336,Engineering,Hourly,Male
337,Engineering,Salaried,Male
338,Engineering,Hourly,Female
339,Engineering,Hourly,Male
340,Engineering,Hourly,Female
341,Engineering,Hourly,Male
342,Engineering,Hourly,Female
343,Engineering,Hourly,Female
346,Engineering,Salaried,Male
347,Engineering,Salaried,Female
349,Sales,Manager,Male
350,Engineering,Hourly,Male
351,Engineering,Hourly,Female
352,Engineering,Hourly,Male
353,Engineering,Hourly,Female
355,Engineering,Hourly,Male
359,Engineering,Hourly,Female
361,Sales,Hourly,Female
362,Engineering,Salaried,Male
363,Sales,Salaried,Female
364,Engineering,Salaried,Male
366,Sales,Hourly,Male
367,Engineering,Hourly,Female
369,Engineering,Manager,Male
372,Engineering,Manager,Male
373,Engineering,Hourly,Male
374,Engineering,Manager,Male
376,Engineering,Hourly,Female
377,Engineering,Hourly,Male
378,Sales,Hourly,Female
379,Engineering,Salaried,Female
380,Engineering,Hourly,Female
381,Engineering,Hourly,Male
382,Sales,Salaried,Male
384,Engineering,Hourly,Female
385,Engineering,Hourly,Male
386,Engineering,Hourly,Female
387,Sales,Hourly,Male
388,Sales,Hourly,Female
389,Engineering,Salaried,Male
390,Engineering,Hourly,Female
391,Engineering,Hourly,Male
392,Engineering,Salaried,Female
393,Engineering,Hourly,Female
394,Engineering,Hourly,Male
395,Engineering,Hourly,Female
396,Engineering,Hourly,Male
397,Engineering,Salaried,Male
399,Sales,Hourly,Female
401,Sales,Hourly,Female
403,Engineering,Manager,Female
404,Sales,Hourly,Male
405,Engineering,Salaried,Female
406,Sales,Hourly,Female
407,Engineering,Hourly,Male
408,Engineering,Hourly,Female
410,Sales,Hourly,Male
411,Sales,Hourly,Female
412,Engineering,Salaried,Male
416,Sales,Hourly,Female
417,Engineering,Hourly,Male
419,Engineering,Salaried,Female
420,Sales,Hourly,Female
421,Engineering,Hourly,Male
422,Engineering,Hourly,Female
423,Engineering,Hourly,Male
424,Finance,Hourly,Female
425,Engineering,Salaried,Male
426,Engineering,Hourly,Female
428,Engineering,Salaried,Male
429,Engineering,Salaried,Female
430,Engineering,Salaried,Male
431,Engineering,Hourly,Male
433,Engineering,Salaried,Female
434,Engineering,Hourly,Female
436,Sales,Hourly,Male
437,Sales,Hourly,Female
438,Sales,Hourly,Male
439,Engineering,Hourly,Female
440,Engineering,Hourly,Female
441,Engineering,Manager,Male
442,Engineering,Hourly,Male
444,Engineering,Hourly,Female
445,Sales,Hourly,Male
446,Sales,Hourly,Female
447,Engineering,Hourly,Male
448,Engineering,Hourly,Female
449,Sales,Hourly,Female
450,Engineering,Hourly,Male
451,Engineering,Hourly,Female
452,Engineering,Hourly,Male
453,Sales,Hourly,Female
454,Engineering,Hourly,Male
455,Engineering,Hourly,Female
456,Sales,Hourly,Female
458,Sales,Hourly,Male
460,Engineering,Salaried,Male
461,Engineering,Hourly,Female
462,Engineering,Hourly,Male
463,Sales,Salaried,Female
464,Engineering,Hourly,Female
465,Engineering,Hourly,Male
466,Engineering,Hourly,Female
467,Sales,Salaried,Male
468,Engineering,Manager,Female
469,Sales,Hourly,Female
470,Finance,Hourly,Male
471,Engineering,Salaried,Male
473,Sales,Manager,Male
474,Engineering,Manager,Male
475,Sales,Hourly,Female
476,Sales,Hourly,Male
477,Engineering,Hourly,Female
478,Sales,Salaried,Female
479,Sales,Hourly,Male
481,Sales,Hourly,Female
482,Engineering,Hourly,Female
483,Engineering,Hourly,Male
484,Sales,Salaried,Male
485,Sales,Hourly,Female
486,Engineering,Hourly,Male
487,Engineering,Hourly,Female
488,Sales,Manager,Male
491,Engineering,Hourly,Male
492,Sales,Hourly,Female
493,Engineering,Salaried,Female
494,Sales,Hourly,Female
495,Engineering,Hourly,Male
496,Engineering,Hourly,Female
497,Engineering,Salaried,Male
498,Sales,Hourly,Male
499,Engineering,Manager,Male
500,Sales,Hourly,Female
501,Engineering,Manager,Female
502,Sales,Hourly,Male
505,Engineering,Manager,Male
507,Sales,Hourly,Female
508,Sales,Hourly,Female
510,Engineering,Hourly,Male
511,Engineering,Hourly,Female
513,Sales,Hourly,Male
514,Engineering,Hourly,Female
515,Engineering,Hourly,Male
516,Sales,Salaried,Female
517,Engineering,Hourly,Female
518,Engineering,Hourly,Female
520,Engineering,Hourly,Male
521,Engineering,Hourly,Female
522,Engineering,Hourly,Male
523,Sales,Hourly,Female
524,Engineering,Hourly,Male
525,Engineering,Salaried,Male
526,Engineering,Manager,Female
527,Sales,Hourly,Female
529,Engineering,Hourly,Female
530,Engineering,Salaried,Male
531,Engineering,Hourly,Male
532,Sales,Hourly,Female
533,Sales,Hourly,Male
534,Sales,Hourly,Female
536,Engineering,Salaried,Female
538,Engineering,Salaried,Male
543,Engineering,Hourly,Male
544,Engineering,Salaried,Female
546,Engineering,Hourly,Female
547,Engineering,Hourly,Female
548,Engineering,Hourly,Male
549,Engineering,Hourly,Female
550,Engineering,Hourly,Male
551,Engineering,Hourly,Female
554,Sales,Hourly,Male
555,Sales,Hourly,Female
556,Engineering,Hourly,Female
558,Sales,Salaried,Male
560,Engineering,Hourly,Male
562,Engineering,Hourly,Female
564,Engineering,Hourly,Male
565,Engineering,Hourly,Female
566,Finance,Hourly,Male
567,Sales,Hourly,Female
568,Sales,Hourly,Female
569,Engineering,Hourly,Male
571,Engineering,Manager,Male
573,Sales,Hourly,Female
574,Engineering,Hourly,Male
575,Engineering,Hourly,Female
577,Engineering,Hourly,Male
578,Engineering,Salaried,Female
579,Engineering,Hourly,Female
580,Sales,Manager,Male
581,Engineering,Hourly,Female
582,Engineering,Hourly,Male
584,Engineering,Hourly,Female
585,Sales,Hourly,Male
586,Engineering,Hourly,Female
587,Engineering,Hourly,Male
590,Finance,Hourly,Female
591,Engineering,Hourly,Female
592,Sales,Hourly,Male
593,Engineering,Hourly,Female
595,Sales,Salaried,Male
597,Sales,Salaried,Male
599,Sales,Hourly,Male
600,Sales,Hourly,Female
601,Engineering,Hourly,Male
602,Engineering,Salaried,Female
604,Sales,Hourly,Female
605,Engineering,Hourly,Female
606,Sales,Manager,Male
608,Finance,Salaried,Male
611,Engineering,Hourly,Male
612,Engineering,Hourly,Female
613,Sales,Hourly,Male
614,Sales,Hourly,Female
615,Sales,Salaried,Female
616,Engineering,Hourly,Male
618,Sales,Hourly,Female
620,Sales,Hourly,Female
621,Sales,Hourly,Male
622,Engineering,Salaried,Male
623,Engineering,Salaried,Female
624,Engineering,Hourly,Female
625,Sales,Hourly,Male
626,Sales,Hourly,Female
630,Engineering,Hourly,Male
631,Sales,Hourly,Female
632,Sales,Hourly,Female
634,Engineering,Salaried,Male
635,Engineering,Hourly,Male
638,Engineering,Salaried,Male
639,Engineering,Hourly,Female
641,Sales,Hourly,Male
643,Engineering,Hourly,Female
644,Finance,Hourly,Male
645,Sales,Hourly,Female
647,Engineering,Hourly,Female
648,Sales,Hourly,Male
649,Engineering,Hourly,Female
650,Sales,Hourly,Male
652,Engineering,Hourly,Female
653,Sales,Hourly,Male
655,Engineering,Hourly,Female
656,Sales,Hourly,Female
657,Engineering,Hourly,Male
659,Engineering,Hourly,Female
661,Engineering,Salaried,Female
662,Engineering,Hourly,Male
663,Engineering,Hourly,Female
664,Engineering,Hourly,Male
665,Finance,Hourly,Female
666,Sales,Salaried,Male
667,Sales,Hourly,Female
669,Sales,Hourly,Male
671,Engineering,Hourly,Female
675,Engineering,Hourly,Male
677,Sales,Hourly,Female
679,Engineering,Salaried,Female
680,Engineering,Hourly,Male
682,Sales,Hourly,Female
683,Engineering,Hourly,Female
684,Sales,Hourly,Male
686,Engineering,Hourly,Female
689,Engineering,Hourly,Male
690,Sales,Hourly,Female
691,Engineering,Hourly,Male
692,Engineering,Salaried,Male
698,Finance,Hourly,Female
699,Engineering,Hourly,Female
700,Engineering,Hourly,Male
701,Engineering,Salaried,Female
702,Engineering,Hourly,Female
704,Engineering,Hourly,Male
705,Engineering,Hourly,Female
707,Sales,Hourly,Male
709,Sales,Hourly,Female
710,Engineering,Hourly,Female
712,Sales,Hourly,Male
714,Sales,Hourly,Female
715,Engineering,Salaried,Male
716,Engineering,Salaried,Male
717,Engineering,Hourly,Male
720,Sales,Salaried,Female
721,Engineering,Hourly,Female
722,Sales,Hourly,Male
723,Sales,Salaried,Male
724,Engineering,Hourly,Female
725,Engineering,Hourly,Female
727,Engineering,Hourly,Male
728,Sales,Hourly,Female
729,Sales,Salaried,Female
730,Engineering,Manager,Male
731,Finance,Hourly,Male
732,Sales,Hourly,Female
733,Engineering,Salaried,Male
734,Finance,Hourly,Male
738,Sales,Salaried,Female
741,Engineering,Hourly,Female
742,Engineering,Hourly,Female
743,Engineering,Hourly,Male
744,Engineering,Hourly,Female
746,Sales,Hourly,Male
747,Sales,Hourly,Female
749,Sales,Hourly,Male
752,Engineering,Hourly,Female
754,Sales,Hourly,Female
757,Engineering,Hourly,Male
758,Engineering,Hourly,Female
760,Finance,Salaried,Male
762,Engineering,Salaried,Male
763,Engineering,Hourly,Male
764,Engineering,Hourly,Female
766,Sales,Hourly,Male
769,Engineering,Salaried,Female
771,Engineering,Hourly,Female
772,Engineering,Hourly,Female
773,Engineering,Hourly,Male
775,Engineering,Salaried,Male
776,Sales,Salaried,Female
780,Engineering,Salaried,Male
781,Sales,Salaried,Female
783,Sales,Hourly,Female
784,Engineering,Salaried,Male
785,Sales,Hourly,Male
786,Sales,Hourly,Female
787,Engineering,Salaried,Male
789,Sales,Salaried,Female
791,Engineering,Manager,Female
792,Engineering,Salaried,Male
793,Engineering,Manager,Male
796,Sales,Hourly,Male
797,Engineering,Salaried,Female
799,Engineering,Hourly,Female
800,Sales,Hourly,Female
802,Engineering,Hourly,Male
803,Engineering,Hourly,Female
804,Engineering,Hourly,Male
805,Sales,Hourly,Female
806,Engineering,Salaried,Male
807,Engineering,Hourly,Male
808,Sales,Hourly,Female
809,Engineering,Hourly,Female
811,Engineering,Hourly,Male
812,Engineering,Hourly,Female
813,Engineering,Hourly,Male
815,Engineering,Hourly,Female
816,Engineering,Hourly,Male
817,Engineering,Salaried,Female
819,Sales,Hourly,Female
820,Engineering,Salaried,Male
823,Engineering,Hourly,Female
824,Engineering,Salaried,Male
825,Engineering,Hourly,Male
826,Engineering,Salaried,Female
827,Engineering,Hourly,Female
828,Engineering,Hourly,Male
829,Finance,Hourly,Female
830,Engineering,Hourly,Male
832,Engineering,Hourly,Female
833,Engineering,Salaried,Male
834,Engineering,Hourly,Female
836,Engineering,Hourly,Male
837,Engineering,Salaried,Female
838,Engineering,Hourly,Female
840,Sales,Salaried,Male
842,Sales,Hourly,Male
843,Engineering,Manager,Female
844,Engineering,Hourly,Female
845,Engineering,Hourly,Male
846,Sales,Hourly,Female
847,Finance,Hourly,Female
848,Engineering,Hourly,Male
850,Engineering,Hourly,Female
851,Sales,Hourly,Male
852,Engineering,Salaried,Female
854,Engineering,Manager,Male
855,Sales,Salaried,Male
856,Engineering,Salaried,Male
857,Sales,Hourly,Female
859,Sales,Salaried,Female
861,Engineering,Hourly,Male
862,Sales,Manager,Male
864,Sales,Hourly,Female
865,Engineering,Hourly,Female
867,Engineering,Hourly,Male
868,Sales,Hourly,Female
869,Finance,Hourly,Male
872,Engineering,Hourly,Female
874,Engineering,Salaried,Male
875,Engineering,Hourly,Male
878,Finance,Hourly,Female
879,Sales,Salaried,Female
880,Engineering,Hourly,Female
881,Engineering,Manager,Male
882,Engineering,Hourly,Male
885,Sales,Hourly,Female
887,Engineering,Salaried,Male
888,Engineering,Hourly,Male
889,Sales,Hourly,Female
893,Sales,Hourly,Male
894,Engineering,Salaried,Female
895,Engineering,Hourly,Female
896,Sales,Hourly,Female
897,Sales,Salaried,Male
899,Engineering,Hourly,Male
900,Sales,Hourly,Female
901,Engineering,Hourly,Male
902,Engineering,Hourly,Female
903,Sales,Salaried,Male
904,Sales,Hourly,Male
905,Engineering,Hourly,Female
909,Finance,Hourly,Female
910,Finance,Hourly,Male
911,Engineering,Hourly,Female
912,Engineering,Salaried,Female
913,Engineering,Hourly,Male
916,Sales,Hourly,Female
918,Engineering,Hourly,Male
920,Engineering,Manager,Male
922,Sales,Hourly,Female
923,Engineering,Salaried,Male
924,Engineering,Hourly,Female
925,Sales,Hourly,Male
926,Engineering,Hourly,Female
927,Engineering,Hourly,Male
930,Engineering,Salaried,Female
932,Engineering,Hourly,Female
933,Engineering,Hourly,Male
934,Engineering,Hourly,Female
936,Sales,Salaried,Male
939,Engineering,Hourly,Female
940,Engineering,Manager,Female
941,Sales,Hourly,Male
942,Engineering,Hourly,Female
944,Engineering,Hourly,Male
945,Engineering,Hourly,Female
947,Sales,Hourly,Male
949,Engineering,Salaried,Female
950,Engineering,Hourly,Female
951,Engineering,Hourly,Female
952,Sales,Hourly,Male
954,Sales,Hourly,Female
956,Sales,Manager,Male
957,Engineering,Hourly,Male
958,Engineering,Salaried,Male
959,Sales,Hourly,Female
960,Engineering,Hourly,Male
961,Engineering,Hourly,Female
964,Engineering,Salaried,Male
966,Engineering,Hourly,Female
967,Sales,Manager,Female
969,Engineering,Manager,Male
970,Sales,Salaried,Female
972,Engineering,Salaried,Male
974,Sales,Hourly,Male
975,Sales,Hourly,Female
976,Engineering,Salaried,Female
977,Engineering,Hourly,Male
981,Sales,Hourly,Female
982,Sales,Hourly,Male
983,Sales,Salaried,Male
984,Sales,Manager,Male
985,Sales,Salaried,Female
986,Sales,Hourly,Female
987,Engineering,Hourly,Female
990,Sales,Hourly,Male
991,Engineering,Salaried,Male
992,Sales,Hourly,Female
994,Engineering,Hourly,Male
995,Engineering,Hourly,Female
996,Engineering,Salaried,Male
997,Engineering,Hourly,Male
998,Engineering,Hourly,Female
999,Engineering,Hourly,Female
1001,Engineering,Hourly,Male
1002,Engineering,Hourly,Female
1003,Sales,Hourly,Male
1004,Engineering,Salaried,Female
1005,Engineering,Hourly,Female
1006,Engineering,Hourly,Male
1007,Engineering,Hourly,Female
1009,Engineering,Hourly,Female
1010,Engineering,Hourly,Male
1011,Engineering,Hourly,Female
1012,Engineering,Manager,Male
1013,Engineering,Hourly,Male
1014,Engineering,Hourly,Female
1015,Engineering,Hourly,Male
1016,Engineering,Hourly,Female
1017,Engineering,Hourly,Female
1018,Engineering,Hourly,Male
1019,Engineering,Hourly,Female
1022,Engineering,Hourly,Male
1024,Engineering,Hourly,Female
1025,Engineering,Salaried,Male
1026,Engineering,Hourly,Male
1027,Engineering,Hourly,Female
1028,Engineering,Hourly,Female
1029,Sales,Hourly,Male
1030,Engineering,Salaried,Female
1032,Engineering,Hourly,Female
1033,Engineering,Hourly,Male
1034,Engineering,Hourly,Female
1035,Engineering,Hourly,Male
1036,Sales,Hourly,Female
1037,Sales,Hourly,Female
1038,Sales,Hourly,Male
1039,Sales,Hourly,Female
1040,Sales,Hourly,Male
1042,Engineering,Salaried,Male
1043,Engineering,Hourly,Female
1044,Sales,Hourly,Male
1045,Sales,Hourly,Female
1046,Engineering,Hourly,Female
1047,Sales,Hourly,Male
1048,Sales,Hourly,Female
1049,Finance,Hourly,Male
1050,Sales,Hourly,Female
1052,Engineering,Hourly,Male
1053,Engineering,Salaried,Female
1055,Sales,Salaried,Male
1056,Sales,Salaried,Male
1060,Engineering,Hourly,Female
1061,Engineering,Hourly,Female
1062,Engineering,Hourly,Male
1066,Sales,Salaried,Female
1068,Engineering,Hourly,Female
1069,Engineering,Hourly,Male
1070,Sales,Hourly,Female
1071,Engineering,Salaried,Male
1073,Engineering,Hourly,Male
1074,Engineering,Hourly,Female
1076,Sales,Salaried,Female
1077,Sales,Hourly,Female
1079,Engineering,Salaried,Male
1080,Engineering,Hourly,Male
1081,Engineering,Hourly,Female
1082,Engineering,Hourly,Male
1083,Engineering,Salaried,Female
1084,Engineering,Salaried,Male
1085,Engineering,Hourly,Female
1088,Engineering,Hourly,Male
1092,Engineering,Hourly,Female
1094,Engineering,Hourly,Female
1096,Engineering,Salaried,Male
1097,Engineering,Hourly,Male
1098,Finance,Salaried,Female
1099,Engineering,Hourly,Female
1100,Sales,Hourly,Male
1101,Engineering,Hourly,Female
1102,Engineering,Salaried,Male
1103,Engineering,Hourly,Male
1105,Sales,Hourly,Female
1106,Engineering,Hourly,Female
1107,Engineering,Hourly,Male
1108,Engineering,Salaried,Female
1109,Engineering,Hourly,Female
1111,Engineering,Salaried,Male
1113,Sales,Hourly,Male
1114,Sales,Hourly,Female
1115,Engineering,Hourly,Male
1116,Engineering,Salaried,Female
1117,Sales,Salaried,Male
1118,Engineering,Hourly,Female
1119,Sales,Manager,Male
1120,Engineering,Hourly,Female
1121,Engineering,Hourly,Male
1124,Sales,Hourly,Female
1125,Sales,Salaried,Male
1126,Engineering,Hourly,Male
1127,Engineering,Salaried,Female
1128,Engineering,Hourly,Female
1131,Engineering,Salaried,Male
1132,Engineering,Hourly,Male
1133,Engineering,Salaried,Female
1135,Sales,Hourly,Female
1136,Engineering,Hourly,Female
1137,Sales,Hourly,Male
1138,Sales,Hourly,Female
1140,Engineering,Hourly,Male
1143,Engineering,Hourly,Female
1148,Engineering,Hourly,Male
1150,Engineering,Hourly,Female
1152,Finance,Hourly,Female
1154,Engineering,Hourly,Male
1156,Engineering,Manager,Female
1157,Sales,Hourly,Female
1158,Engineering,Hourly,Male
1160,Engineering,Hourly,Female
1161,Engineering,Hourly,Male
1162,Engineering,Hourly,Female
1163,Sales,Hourly,Female
1164,Finance,Hourly,Male
1165,Sales,Salaried,Male
1166,Engineering,Manager,Male
1167,Sales,Manager,Female
1171,Sales,Hourly,Female
1172,Engineering,Hourly,Male
1173,Engineering,Hourly,Female
1175,Engineering,Hourly,Male
1177,Engineering,Salaried,Female
1179,Sales,Salaried,Male
1180,Engineering,Manager,Male
1182,Engineering,Hourly,Female
1184,Engineering,Salaried,Male
1185,Engineering,Salaried,Female
1188,Sales,Manager,Male
1190,Sales,Hourly,Female
1191,Engineering,Salaried,Male
1192,Engineering,Hourly,Male
1193,Engineering,Hourly,Female
1195,Engineering,Hourly,Male
1196,Engineering,Hourly,Female
1198,Engineering,Hourly,Male
1200,Engineering,Hourly,Female
1201,Engineering,Manager,Male
1202,Engineering,Hourly,Female
1203,Engineering,Manager,Male
1204,Sales,Salaried,Female
1206,Engineering,Salaried,Male
1207,Finance,Hourly,Male
1210,Engineering,Hourly,Female
1211,Sales,Hourly,Male
1212,Sales,Salaried,Female
1215,Engineering,Salaried,Male
1216,Engineering,Hourly,Female
1217,Engineering,Hourly,Male
1218,Sales,Hourly,Female
1219,Engineering,Hourly,Female
1220,Sales,Salaried,Male
1221,Engineering,Hourly,Male
1224,Engineering,Hourly,Female
1225,Engineering,Manager,Female
1226,Sales,Salaried,Female
1228,Engineering,Hourly,Male
1231,Finance,Hourly,Female
1233,Sales,Hourly,Male
1234,Engineering,Hourly,Female
1235,Engineering,Manager,Male
1237,Engineering,Hourly,Female
1238,Engineering,Hourly,Male
1239,Sales,Hourly,Female
1240,Sales,Hourly,Male
1241,Engineering,Hourly,Female
1242,Engineering,Salaried,Male
1243,Sales,Manager,Female
1244,Engineering,Salaried,Female
1245,Engineering,Salaried,Male
1246,Engineering,Salaried,Female
1248,Engineering,Salaried,Male
1249,Engineering,Hourly,Male
1250,Engineering,Hourly,Female
1251,Engineering,Hourly,Female
1252,Engineering,Hourly,Male
1254,Sales,Hourly,Female
1255,Engineering,Hourly,Male
1256,Engineering,Manager,Male
1257,Engineering,Hourly,Female
1258,Engineering,Hourly,Male
1259,Engineering,Hourly,Female
1260,Engineering,Hourly,Female
1263,Engineering,Hourly,Male
1264,Engineering,Hourly,Female
1265,Engineering,Hourly,Male
1267,Sales,Salaried,Male
1268,Sales,Hourly,Female
1269,Engineering,Hourly,Male
1270,Engineering,Salaried,Female
1273,Sales,Salaried,Male
1275,Engineering,Salaried,Female
1277,Sales,Hourly,Female
1278,Engineering,Hourly,Female
1279,Engineering,Salaried,Male
1280,Sales,Hourly,Male
1281,Sales,Hourly,Female
1282,Sales,Hourly,Male
1283,Engineering,Hourly,Female
1285,Engineering,Hourly,Male
1286,Engineering,Hourly,Female
1288,Engineering,Hourly,Female
1289,Finance,Manager,Male
1291,Engineering,Hourly,Male
1292,Engineering,Hourly,Female
1293,Sales,Salaried,Female
1294,Engineering,Hourly,Male
1295,Engineering,Hourly,Female
1296,Engineering,Manager,Male
1297,Engineering,Hourly,Male
1298,Engineering,Salaried,Male
1299,Engineering,Hourly,Female
1301,Engineering,Hourly,Female
1303,Engineering,Hourly,Male
1304,Sales,Hourly,Female
1306,Engineering,Salaried,Male
1307,Engineering,Hourly,Male
1308,Engineering,Hourly,Female
1309,Engineering,Manager,Male
1310,Engineering,Manager,Female
1311,Engineering,Hourly,Male
1312,Engineering,Salaried,Female
1314,Finance,Hourly,Female
1315,Engineering,Manager,Male
1317,Engineering,Salaried,Male
1318,Sales,Hourly,Female
1319,Sales,Hourly,Male
1321,Engineering,Salaried,Female
1322,Engineering,Hourly,Female
1324,Sales,Hourly,Male
1329,Sales,Manager,Female
1331,Sales,Hourly,Female
1333,Engineering,Salaried,Male
1334,Engineering,Salaried,Female
1336,Engineering,Hourly,Male
1338,Finance,Salaried,Male
1340,Engineering,Hourly,Female
1344,Engineering,Salaried,Male
1346,Engineering,Hourly,Female
1349,Sales,Hourly,Male
1350,Engineering,Hourly,Female
1352,Finance,Hourly,Male
1355,Sales,Salaried,Female
1356,Sales,Hourly,Female
1358,Engineering,Hourly,Male
1360,Engineering,Hourly,Female
1361,Engineering,Hourly,Female
1362,Sales,Hourly,Male
1363,Engineering,Hourly,Female
1364,Sales,Hourly,Male
1367,Engineering,Manager,Male
1368,Engineering,Hourly,Female
1369,Engineering,Hourly,Male
1371,Sales,Salaried,Male
1372,Sales,Hourly,Female
1373,Engineering,Hourly,Female
1374,Engineering,Hourly,Male
1375,Engineering,Salaried,Female
1377,Engineering,Hourly,Female
1379,Sales,Hourly,Male
1380,Sales,Hourly,Female
1382,Engineering,Hourly,Male
1383,Engineering,Hourly,Female
1387,Sales,Manager,Male
1389,Engineering,Hourly,Female
1390,Sales,Hourly,Male
1391,Sales,Salaried,Male
1392,Engineering,Hourly,Female
1394,Engineering,Salaried,Female
1395,Sales,Hourly,Male
1396,Sales,Salaried,Male
1397,Engineering,Salaried,Male
1399,Sales,Hourly,Female
1401,Engineering,Hourly,Male
1402,Engineering,Hourly,Female
1403,Sales,Hourly,Female
1405,Engineering,Hourly,Male
1407,Engineering,Hourly,Female
1408,Finance,Hourly,Male
1409,Engineering,Hourly,Female
1411,Engineering,Hourly,Male
1412,Engineering,Hourly,Female
1415,Engineering,Hourly,Female
1417,Engineering,Hourly,Male
1419,Finance,Hourly,Female
1420,Engineering,Hourly,Male
1421,Engineering,Salaried,Female
1422,Engineering,Hourly,Female
1423,Engineering,Hourly,Male
1424,Engineering,Hourly,Female
1425,Sales,Hourly,Female
1427,Sales,Salaried,Male
1428,Sales,Hourly,Male
1430,Engineering,Hourly,Female
1431,Engineering,Hourly,Male
1433,Engineering,Salaried,Female
1434,Engineering,Salaried,Male
1435,Engineering,Hourly,Female
1436,Sales,Salaried,Female
1438,Engineering,Hourly,Male
1439,Sales,Hourly,Female
1440,Engineering,Hourly,Female
1441,Engineering,Hourly,Male
1443,Engineering,Hourly,Female
1445,Sales,Salaried,Male
1446,Sales,Hourly,Male
1447,Engineering,Salaried,Male
1448,Engineering,Manager,Male
1449,Engineering,Hourly,Female
1453,Sales,Hourly,Male
1457,Sales,Hourly,Female
1458,Engineering,Hourly,Female
1459,Engineering,Hourly,Male
1460,Engineering,Hourly,Female
1461,Finance,Hourly,Male
1464,Engineering,Hourly,Female
1465,Engineering,Hourly,Male
1466,Sales,Hourly,Female
1467,Finance,Hourly,Female
1468,Engineering,Salaried,Female
1469,Sales,Hourly,Male
1471,Engineering,Hourly,Female
1472,Engineering,Salaried,Male
1473,Engineering,Hourly,Male
1474,Engineering,Manager,Male
1475,Engineering,Salaried,Female
1477,Sales,Hourly,Female
1478,Sales,Hourly,Male
1479,Sales,Hourly,Female
1480,Engineering,Hourly,Female
1481,Sales,Hourly,Male
1482,Engineering,Hourly,Female
1483,Engineering,Hourly,Male
1484,Engineering,Hourly,Female
1485,Engineering,Salaried,Male
1486,Sales,Hourly,Male
1487,Sales,Salaried,Female
1489,Sales,Hourly,Female
1492,Sales,Hourly,Female
1494,Engineering,Hourly,Male
1495,Sales,Hourly,Female
1496,Engineering,Hourly,Male
1497,Sales,Salaried,Male
1499,Finance,Salaried,Male
1501,Engineering,Hourly,Female
1502,Engineering,Salaried,Female
1503,Sales,Hourly,Male
1504,Engineering,Hourly,Female
1506,Engineering,Manager,Female
1507,Sales,Hourly,Female
1509,Engineering,Hourly,Male
1513,Engineering,Hourly,Female
1514,Engineering,Salaried,Male
1515,Engineering,Hourly,Male
1516,Engineering,Hourly,Female
1520,Engineering,Manager,Male
1522,Engineering,Hourly,Male
1523,Engineering,Hourly,Female
1525,Engineering,Hourly,Female
1527,Sales,Salaried,Female
1529,Engineering,Salaried,Male
1533,Engineering,Salaried,Female
1534,Engineering,Manager,Female
1535,Sales,Hourly,Male
1537,Engineering,Hourly,Female
1539,Engineering,Salaried,Male
1541,Sales,Hourly,Male
1542,Engineering,Hourly,Female
1543,Engineering,Salaried,Male
1544,Engineering,Salaried,Female
1545,Engineering,Hourly,Male
1546,Engineering,Hourly,Female
1547,Engineering,Hourly,Female
1548,Sales,Hourly,Male
1549,Engineering,Salaried,Male
1550,Finance,Hourly,Female
1551,Engineering,Hourly,Male
1552,Engineering,Hourly,Female
1553,Engineering,Hourly,Male
1554,Sales,Salaried,Female
1555,Engineering,Hourly,Female
1556,Sales,Hourly,Female
1557,Sales,Hourly,Male
1558,Engineering,Hourly,Female
1560,Sales,Manager,Male
1562,Sales,Hourly,Male
1563,Finance,Salaried,Male
1564,Engineering,Manager,Male
1568,Sales,Hourly,Female
1569,Engineering,Manager,Male
1572,Engineering,Manager,Male
1573,Engineering,Hourly,Male
1574,Engineering,Hourly,Female
1576,Engineering,Salaried,Female
1577,Engineering,Hourly,Female
1578,Sales,Salaried,Male
1580,Engineering,Hourly,Male
1581,Engineering,Salaried,Male
1582,Sales,Salaried,Female
1583,Sales,Hourly,Female
1585,Sales,Hourly,Male
1586,Engineering,Hourly,Female
1587,Engineering,Salaried,Male
1588,Sales,Salaried,Female
1590,Engineering,Hourly,Male
1591,Sales,Hourly,Female
1592,Engineering,Salaried,Male
1594,Engineering,Hourly,Female
1595,Engineering,Hourly,Male
1596,Engineering,Salaried,Female
1597,Engineering,Hourly,Female
1598,Sales,Salaried,Male
1599,Engineering,Hourly,Male
1601,Engineering,Hourly,Female
1602,Sales,Hourly,Male
1604,Engineering,Salaried,Male
1605,Engineering,Hourly,Female
1606,Engineering,Salaried,Female
1607,Engineering,Hourly,Female
1608,Engineering,Hourly,Male
1609,Engineering,Salaried,Male
1611,Engineering,Hourly,Female
1612,Sales,Hourly,Male
1613,Sales,Manager,Female
1614,Engineering,Hourly,Female
1615,Engineering,Hourly,Male
1617,Engineering,Hourly,Female
1618,Engineering,Hourly,Female
1619,Engineering,Hourly,Male
1621,Engineering,Hourly,Female
1622,Engineering,Hourly,Male
1623,Engineering,Salaried,Female
1624,Sales,Hourly,Female
1625,Finance,Hourly,Male
1627,Engineering,Salaried,Male
1628,Engineering,Salaried,Female
1630,Engineering,Hourly,Female
1631,Engineering,Salaried,Male
1633,Engineering,Hourly,Female
1635,Engineering,Hourly,Male
1638,Engineering,Hourly,Female
1639,Sales,Hourly,Male
1640,Engineering,Hourly,Female
1641,Engineering,Hourly,Male
1642,Finance,Hourly,Female
1644,Engineering,Hourly,Female
1645,Sales,Hourly,Male
1646,Engineering,Hourly,Female
1647,Engineering,Hourly,Male
1648,Engineering,Hourly,Female
1649,Engineering,Hourly,Male
1650,Sales,Hourly,Female
1651,Engineering,Hourly,Female
1653,Engineering,Hourly,Male
1654,Engineering,Hourly,Female
1655,Engineering,Hourly,Male
1656,Engineering,Manager,Male
1657,Sales,Hourly,Female
1658,Engineering,Hourly,Male
1659,Engineering,Salaried,Male
1661,Engineering,Salaried,Female
1662,Engineering,Hourly,Female
1664,Engineering,Salaried,Male
1665,Engineering,Hourly,Female
1666,Engineering,Hourly,Male
1667,Sales,Hourly,Female
1668,Engineering,Hourly,Male
1669,Sales,Hourly,Female
1670,Sales,Hourly,Male
1671,Engineering,Hourly,Female
1673,Sales,Hourly,Female
1674,Engineering,Hourly,Male
1675,Engineering,Hourly,Female
1676,Sales,Hourly,Male
1677,Engineering,Hourly,Female
1678,Sales,Hourly,Male
1680,Sales,Hourly,Female
1681,Sales,Hourly,Female
1682,Engineering,Hourly,Male
1683,Finance,Hourly,Female
1684,Engineering,Hourly,Male
1687,Engineering,Hourly,Female
1689,Engineering,Hourly,Male
1691,Sales,Salaried,Female
1692,Engineering,Salaried,Male
1693,Engineering,Hourly,Female
1694,Engineering,Hourly,Female
1696,Engineering,Hourly,Male
1697,Engineering,Hourly,Female
1698,Engineering,Salaried,Female
1700,Sales,Hourly,Male
1701,Engineering,Hourly,Female
1702,Sales,Hourly,Male
1703,Engineering,Hourly,Female
1704,Engineering,Hourly,Female
1706,Sales,Hourly,Male
1707,Engineering,Hourly,Female
1708,Sales,Hourly,Male
1709,Engineering,Hourly,Female
1710,Sales,Hourly,Male
1712,Engineering,Salaried,Male
1714,Finance,Hourly,Female
1716,Sales,Hourly,Female
1718,Engineering,Hourly,Male
1719,Engineering,Hourly,Female
1720,Engineering,Hourly,Male
1721,Engineering,Hourly,Female
1722,Finance,Manager,Female
1724,Engineering,Hourly,Male
1725,Engineering,Salaried,Male
1727,Engineering,Salaried,Female
1728,Engineering,Hourly,Female
1729,Engineering,Hourly,Female
1731,Sales,Hourly,Male
1732,Sales,Manager,Male
1733,Sales,Hourly,Female
1734,Sales,Hourly,Male
1735,Engineering,Hourly,Female
1736,Engineering,Hourly,Male
1737,Engineering,Hourly,Female
1739,Sales,Hourly,Female
1740,Sales,Salaried,Male
1744,Finance,Salaried,Female
1745,Engineering,Hourly,Male
1746,Finance,Hourly,Female
1747,Finance,Hourly,Male
1749,Sales,Manager,Male
1751,Engineering,Hourly,Female
1752,Sales,Hourly,Male
1753,Engineering,Hourly,Female
1754,Sales,Salaried,Male
1755,Engineering,Hourly,Female
1756,Sales,Hourly,Male
1757,Sales,Hourly,Female
1758,Sales,Salaried,Female
1760,Engineering,Salaried,Male
1761,Sales,Hourly,Male
1762,Engineering,Manager,Male
1763,Engineering,Hourly,Female
1764,Engineering,Hourly,Male
1766,Engineering,Hourly,Female
1767,Engineering,Salaried,Male
1768,Engineering,Salaried,Female
1770,Engineering,Hourly,Female
1771,Engineering,Hourly,Male
1772,Engineering,Hourly,Female
1774,Sales,Hourly,Male
1775,Engineering,Hourly,Female
1778,Finance,Hourly,Male
1779,Sales,Hourly,Female
1780,Sales,Hourly,Female
1782,Engineering,Hourly,Male
1783,Engineering,Hourly,Female
1784,Sales,Hourly,Male
1786,Engineering,Salaried,Male
1787,Sales,Hourly,Female
1789,Engineering,Hourly,Male
1790,Engineering,Hourly,Female
1792,Engineering,Hourly,Female
1794,Finance,Hourly,Male
1797,Sales,Manager,Male
1798,Engineering,Hourly,Female
1799,Engineering,Hourly,Male
1800,Engineering,Hourly,Female
1801,Sales,Hourly,Male
1802,Engineering,Hourly,Female
1803,Engineering,Salaried,Female
1804,Engineering,Hourly,Female
1805,Finance,Salaried,Male
1807,Engineering,Salaried,Female
1809,Engineering,Salaried,Male
1812,Sales,Manager,Female
1813,Engineering,Hourly,Male
1814,Engineering,Hourly,Female
1815,Sales,Hourly,Male
1816,Engineering,Hourly,Female
1818,Finance,Hourly,Male
1821,Engineering,Hourly,Female
1822,Engineering,Hourly,Female
1823,Sales,Salaried,Male
1824,Sales,Hourly,Male
1826,Engineering,Hourly,Female
1827,Engineering,Hourly,Male
1829,Engineering,Hourly,Female
1830,Engineering,Hourly,Male
1833,Sales,Hourly,Female
1834,Engineering,Salaried,Female
1835,Sales,Salaried,Male
1836,Sales,Hourly,Female
1837,Engineering,Hourly,Male
1839,Engineering,Manager,Male
1842,Finance,Hourly,Female
1844,Finance,Salaried,Female
1845,Sales,Salaried,Male
1847,Engineering,Hourly,Male
1849,Sales,Manager,Female
1850,Engineering,Salaried,Female
1852,Engineering,Hourly,Female
1853,Sales,Hourly,Male
1854,Engineering,Hourly,Female
1856,Engineering,Hourly,Female
1857,Engineering,Salaried,Male
1858,Finance,Hourly,Male
1859,Engineering,Hourly,Female
1860,Engineering,Hourly,Male
1862,Sales,Hourly,Female
1863,Sales,Hourly,Male
1864,Sales,Salaried,Male
1865,Finance,Manager,Male
1866,Engineering,Manager,Male
1867,Engineering,Hourly,Female
1868,Engineering,Hourly,Female
1869,Sales,Hourly,Male
1870,Engineering,Salaried,Female
1871,Engineering,Hourly,Female
1873,Engineering,Hourly,Male
1875,Sales,Salaried,Male
1876,Sales,Salaried,Female
1878,Engineering,Hourly,Female
1880,Sales,Hourly,Male
1881,Engineering,Hourly,Female
1882,Sales,Hourly,Female
1883,Engineering,Hourly,Male
1885,Engineering,Hourly,Female
1886,Engineering,Hourly,Male
1888,Engineering,Hourly,Female
1890,Finance,Salaried,Male
1892,Engineering,Salaried,Female
1893,Engineering,Hourly,Male
1898,Sales,Hourly,Female
1900,Engineering,Hourly,Female
1903,Engineering,Hourly,Male
1905,Engineering,Manager,Male
1907,Engineering,Hourly,Female
1908,Sales,Hourly,Male
1909,Sales,Salaried,Male
1911,Engineering,Hourly,Female
1912,Sales,Hourly,Male
1915,Sales,Salaried,Male
1916,Engineering,Hourly,Female
1918,Engineering,Hourly,Female
1922,Engineering,Hourly,Male
1924,Sales,Hourly,Female
1927,Sales,Salaried,Female
1928,Sales,Hourly,Male
1929,Sales,Hourly,Female
1931,Engineering,Hourly,Male
1932,Engineering,Hourly,Female
1933,Sales,Hourly,Female
1934,Engineering,Salaried,Male
1935,Sales,Hourly,Male
1936,Engineering,Manager,Male
1937,Engineering,Hourly,Female
1938,Sales,Hourly,Male
1939,Engineering,Hourly,Female
1940,Engineering,Hourly,Male
1941,Engineering,Hourly,Female
1943,Sales,Salaried,Female
1944,Finance,Manager,Female
1945,Sales,Hourly,Female
1947,Engineering,Hourly,Male
1948,Engineering,Salaried,Male
1949,Engineering,Salaried,Female
1950,Sales,Hourly,Female
1951,Sales,Hourly,Male
1952,Engineering,Hourly,Female
1954,Engineering,Salaried,Male
1955,Engineering,Salaried,Male
1956,Engineering,Salaried,Female
1960,Engineering,Hourly,Male
1961,Sales,Salaried,Male
1962,Sales,Manager,Male
1965,Sales,Hourly,Female
1966,Engineering,Hourly,Female
1967,Sales,Salaried,Female
1968,Sales,Hourly,Male
1969,Engineering,Hourly,Female
1970,Engineering,Salaried,Male
1971,Engineering,Manager,Female
1972,Finance,Salaried,Female
1973,Finance,Salaried,Male
1974,Engineering,Hourly,Male
1975,Sales,Hourly,Female
1976,Engineering,Hourly,Male
1979,Engineering,Hourly,Female
1980,Engineering,Salaried,Male
1981,Engineering,Manager,Male
1982,Engineering,Hourly,Female
1985,Engineering,Hourly,Male
1986,Sales,Hourly,Female
1987,Finance,Manager,Male
1989,Engineering,Hourly,Male
1992,Engineering,Salaried,Female
1993,Engineering,Hourly,Female
1994,Engineering,Hourly,Male
1995,Sales,Salaried,Male
1996,Sales,Salaried,Female
1997,Engineering,Hourly,Female
1998,Engineering,Hourly,Female
1999,Engineering,Hourly,Male
2000,Engineering,Hourly,Female
2003,Engineering,Hourly,Male
2007,Engineering,Salaried,Male
2008,Engineering,Hourly,Female
2009,Engineering,Hourly,Male
2010,Engineering,Hourly,Female
2012,Engineering,Hourly,Female
2013,Sales,Hourly,Male
2014,Engineering,Hourly,Female
2015,Engineering,Hourly,Male
2016,Sales,Hourly,Female
2017,Engineering,Salaried,Female
2018,Sales,Manager,Male
2019,Sales,Salaried,Male
2020,Engineering,Salaried,Male
2021,Sales,Manager,Male
2022,Engineering,Hourly,Male
2023,Sales,Manager,Female
2024,Sales,Hourly,Female
2025,Engineering,Hourly,Female
2026,Engineering,Hourly,Male
2027,Engineering,Hourly,Female
2031,Engineering,Hourly,Male
2032,Engineering,Hourly,Female
2034,Engineering,Salaried,Female
2035,Sales,Salaried,Male
2036,Sales,Salaried,Female
2037,Sales,Hourly,Male
2038,Engineering,Hourly,Female
2040,Finance,Salaried,Male
2041,Sales,Manager,Male
2044,Sales,Hourly,Female
2045,Sales,Hourly,Male
2046,Sales,Hourly,Female
2048,Engineering,Hourly,Male
2049,Engineering,Hourly,Female
2051,Engineering,Hourly,Male
2052,Engineering,Hourly,Female
2053,Engineering,Hourly,Female
2054,Engineering,Hourly,Male
2055,Sales,Hourly,Female
2056,Sales,Salaried,Female
2057,Engineering,Hourly,Male
2060,Sales,Hourly,Female
2061,Engineering,Hourly,Male
2062,Engineering,Hourly,Male
2064,Engineering,Salaried,Male
2065,Sales,Hourly,Female
2068,Engineering,Hourly,Male